OBJECTID;CODIGO;NOMBRE;SUBTIPO_BA;NOMBRE_COM;SHAPEAREA;SHAPELEN;CLUSTER;BARRIO;atropello;caidaocupante;choque;otro;volcamiento;ACCIDENTES;MUERTO;HERIDO;SOLO_DANOS
661;1422;la aguacatala;1;El Poblado;62.209.015.610.524;330.265.805.243.148;2;la aguacatala;0.02245555017375514;0.059327821571196926;0.8108044098836334;0.07673151580796073;0.030176670305389414;2.830608527750305;0.0;1.964568700407184;1.574200374096895
662;810;el pinal;1;Villa Hermosa;413.416.804.617.475;327.157.455.337.274;0;el pinal;0.20864254315710073;0.11729847126259514;0.4820944113648788;0.140288642421423;0.05167593179400239;46.05984906139017;1.177650973228889;21.74506595636733;24.18934050778542
663;719;fuente clara;1;Robledo;236.441.173.402.975;30.223.376.578.443;0;fuente clara;0.08229646697388632;0.11785714285714285;0.6298387096774193;0.1285330261136713;0.04147465437788018;46.05984906139017;1.177650973228889;21.74506595636733;24.18934050778542
664;102;santo domingo sabio no.2;1;Popular;26.475.045.245.083;294.370.765.447.313;0;santo domingo sabio no.2;0.40226574500768053;0.16872759856630826;0.31478494623655917;0.09957757296466972;0.014644137224782385;46.05984906139017;1.177650973228889;21.74506595636733;24.18934050778542
665;302;las granjas;1;Manrique;6.413.492.750.235;396.470.230.586.524;0;las granjas;0.23176848761621535;0.12230684973744065;0.4630859194133185;0.13492541332573588;0.04791332990728966;46.05984906139017;1.177650973228889;21.74506595636733;24.18934050778542
666;902;barrios de jesus;1;Buenos Aires;442.235.667.275.605;375.462.415.027.398;0;barrios de jesus;0.17448704892652755;0.12701036313465158;0.5091080188828115;0.13767164055913678;0.05172292849687237;46.05984906139017;1.177650973228889;21.74506595636733;24.18934050778542
667;Inst_16;la alpujarra;1;La Candelaria;316.458.787.375.535;252.419.319.322.781;0;la alpujarra;0.03627415131021906;0.05107655939252907;0.8144567656910854;0.07226444933816997;0.025928074267996506;46.05984906139017;1.177650973228889;21.74506595636733;24.18934050778542
668;1008;corazon de jesus;1;La Candelaria;33.023.970.268.336;239.420.528.069.805;2;corazon de jesus;0.07675215640313778;0.055079392246325354;0.7785036660493926;0.07007266083483953;0.019592124466304567;2.830608527750305;0.0;1.964568700407184;1.574200374096895
669;907;buenos aires;1;Buenos Aires;29.316.443.067.628;235.796.347.375.624;1;buenos aires;0.08591055436066367;0.0772298539376894;0.6974515026942559;0.10940224198012692;0.03000584702726413;9.415931807436033;1.061539131828987;5.695241631299872;4.036894100001453
670;501;toscana;1;Castilla;29.005.395.460.347;257.400.441.672.397;0;toscana;0.06634777576317888;0.0840538359971748;0.718952438139309;0.09526167474522093;0.035384275355116346;46.05984906139017;1.177650973228889;21.74506595636733;24.18934050778542
671;1203;los pinos;1;La América;23.299.755.143.503;20.188.965.216.006.600;0;los pinos;0.07105569634331209;0.07670703469408466;0.699010702563408;0.12669501262362529;0.025845211977354475;46.05984906139017;1.177650973228889;21.74506595636733;24.18934050778542
672;911;gerona;1;Buenos Aires;249.124.845.537.955;22.580.949.395.614.300;1;gerona;0.13455019710121774;0.10183180598059734;0.549378797098392;0.1699078681787573;0.044331331641035546;9.415931807436033;1.061539131828987;5.695241631299872;4.036894100001453
676;1609;la hondonada;1;Belén;462.119.349.110.795;4.476.375.031.847.240;1;la hondonada;0.04843633069439521;0.10769329237071174;0.7061906731261571;0.12719583284099412;0.010483870967741936;9.415931807436033;1.061539131828987;5.695241631299872;4.036894100001453
677;806;llanaditas;1;Villa Hermosa;320.557.553.129.565;36.113.385.873.535;1;llanaditas;0.42277777777777775;0.13166666666666668;0.3261111111111111;0.1;0.01944444444444444;9.415931807436033;1.061539131828987;5.695241631299872;4.036894100001453
680;913;loreto;1;Buenos Aires;666.996.621.529.295;38.161.752.724.694.800;0;loreto;0.16787085691397508;0.12233003605683207;0.5042453418718751;0.15495898117892073;0.05059478397839712;46.05984906139017;1.177650973228889;21.74506595636733;24.18934050778542
681;609;picachito;1;Doce de Octubre;123.730.748.112.665;19.584.932.988.370.300;1;picachito;0.16989247311827957;0.20453149001536097;0.39608294930875576;0.16382488479262675;0.06566820276497695;9.415931807436033;1.061539131828987;5.695241631299872;4.036894100001453
673;1212;santa teresita;1;La América;31.765.917.366.041;334.072.866.198.805;1;santa teresita;0.054627182852989294;0.028500576484447454;0.8073495500914857;0.0758713061132416;0.03365138445783607;9.415931807436033;1.061539131828987;5.695241631299872;4.036894100001453
674;513;francisco antonio zea;1;Castilla;233.064.848.602.055;22.570.108.407.296.300;1;francisco antonio zea;0.1382834456351178;0.11307749712835281;0.5673631351563589;0.14437868100757112;0.03689724107259928;9.415931807436033;1.061539131828987;5.695241631299872;4.036894100001453
675;1608;la mota;1;Belén;50.824.032.532.292;435.166.542.823.011;0;la mota;0.05929996802585263;0.10613906217018908;0.6801097404289885;0.10540154685982503;0.0490496825151448;46.05984906139017;1.177650973228889;21.74506595636733;24.18934050778542
678;1315;nuevos conquistadores;1;San Javier;22.423.734.609.310.000;253.939.549.264.383;0;nuevos conquistadores;0.27553366174055827;0.159168035030104;0.3623152709359606;0.1624247400109469;0.040558292282430214;46.05984906139017;1.177650973228889;21.74506595636733;24.18934050778542
679;1204;la america;1;La América;35.844.104.256.529;331.166.048.133.769;0;la america;0.10676473963236296;0.07863967355505788;0.6850817117666322;0.09323566575172716;0.036278209294219696;46.05984906139017;1.177650973228889;21.74506595636733;24.18934050778542
682;415;miranda;1;Aranjuez;230.378.299.048.405;235.993.972.587.716;0;miranda;0.14075798610497672;0.08159503059452536;0.6488053057325703;0.10057137845771652;0.028270299110211165;46.05984906139017;1.177650973228889;21.74506595636733;24.18934050778542
683;Inst_14;u.d. atanasio girardot;1;Laureles Estadio;41.779.653.938.985;3.340.183.293.805.580;0;u.d. atanasio girardot;0.09398860960549447;0.07879626563502583;0.6896314409378725;0.11561941588547668;0.021964267936130318;46.05984906139017;1.177650973228889;21.74506595636733;24.18934050778542
684;1421;patio bonito;1;El Poblado;72.905.606.802.979;410.213.288.376.399;0;patio bonito;0.03245501525585754;0.045433796847047334;0.8305514367155938;0.06827869809612495;0.02328105308537626;46.05984906139017;1.177650973228889;21.74506595636733;24.18934050778542
689;1413;el diamante no.2;1;El Poblado;66.103.427.470.397;37.422.905.190.154.200;0;el diamante no.2;0.03210203774719904;0.042028715012585975;0.8231680953455146;0.06960857243115308;0.033092579463547205;46.05984906139017;1.177650973228889;21.74506595636733;24.18934050778542
690;1618;nueva villa del aburra;1;Belén;188.599.469.565.485;225.067.137.799.902;3;;;;;;;;;;
691;207;villa del socorro;1;Santa Cruz;229.628.060.828.555;25.504.182.465.483;0;villa del socorro;0.21838047656483697;0.10930817679644207;0.49702455572324733;0.14372748804287805;0.03155930287259559;46.05984906139017;1.177650973228889;21.74506595636733;24.18934050778542
692;811;trece de noviembre;1;Villa Hermosa;17.390.223.243.186;247.487.103.662.388;1;trece de noviembre;0.2308641975308642;0.027777777777777776;0.6549382716049382;0.06790123456790123;0.018518518518518517;9.415931807436033;1.061539131828987;5.695241631299872;4.036894100001453
693;602;doce de octubre no.1;1;Doce de Octubre;43.628.250.898.358;3.074.309.785.369.920;0;doce de octubre no.1;0.20876193582375546;0.22269289980190812;0.36859082734569604;0.16616096105809477;0.033793375970545644;46.05984906139017;1.177650973228889;21.74506595636733;24.18934050778542
694;1611;la loma de los bernal;1;Belén;48.503.368.102.197;39.866.542.612.782.100;0;la loma de los bernal;0.06186902363595489;0.08819001262949132;0.6973365437717215;0.11139706101353786;0.041207358949294434;46.05984906139017;1.177650973228889;21.74506595636733;24.18934050778542
695;901;juan pablo ii;1;Buenos Aires;75.047.226.330.735;20.183.180.977.280.100;1;juan pablo ii;0.35000000000000003;0.17777777777777778;0.2865079365079365;0.073015873015873;0.11269841269841267;9.415931807436033;1.061539131828987;5.695241631299872;4.036894100001453
696;715;villa flora;1;Robledo;25.077.910.248.598;215.165.053.952.776;1;villa flora;0.055586154677225726;0.14145393426652927;0.6075324628419134;0.16018473490892937;0.03524271330540211;9.415931807436033;1.061539131828987;5.695241631299872;4.036894100001453
697;1502;tenche;1;Guayabal;230.563.654.434.145;209.915.007.469.117;0;tenche;0.04378210002577577;0.04688651948967777;0.8109620076054955;0.07900964298343754;0.01935972989561355;46.05984906139017;1.177650973228889;21.74506595636733;24.18934050778542
685;308;manrique oriental;1;Manrique;37.329.155.937.477;300.409.624.898.983;0;manrique oriental;0.16012103970148017;0.10851192611446446;0.5706698347861502;0.11955974616557932;0.04113745323232578;46.05984906139017;1.177650973228889;21.74506595636733;24.18934050778542
686;110;la esperanza no.2;1;Popular;67.338.260.559.075;12.996.741.385.346.300;0;la esperanza no.2;0.32169738863287245;0.0837941628264209;0.4170122887864823;0.11486175115207373;0.06263440860215054;46.05984906139017;1.177650973228889;21.74506595636733;24.18934050778542
687;604;pedregal;1;Doce de Octubre;5.810.571.775.886;36.254.419.834.597.200;0;pedregal;0.18033375659520326;0.17328582156491928;0.4483474288652024;0.16229968338656353;0.03573330958811147;46.05984906139017;1.177650973228889;21.74506595636733;24.18934050778542
688;1001;prado;1;La Candelaria;624.440.241.931.445;34.610.689.564.464.300;2;prado;0.08437191305385475;0.06906625942646814;0.7288148699703987;0.08580772371348502;0.031073206518153366;2.830608527750305;0.0;1.964568700407184;1.574200374096895
723;413;aranjuez;1;Aranjuez;36.113.851.094.988;25.570.834.504.281;0;aranjuez;0.1433785260475237;0.12924560920514008;0.5295423653743707;0.14122629790734081;0.056607201465624646;46.05984906139017;1.177650973228889;21.74506595636733;24.18934050778542
724;307;manrique central no.2;1;Manrique;2.409.034.686.109;261.945.817.811.677;0;manrique central no.2;0.13791887122982055;0.1411077102825016;0.5565030330953624;0.1292296267504999;0.03524075864181552;46.05984906139017;1.177650973228889;21.74506595636733;24.18934050778542
725;814;san antonio;1;Villa Hermosa;15.212.280.562.556;29.693.414.172.851.000;1;san antonio;0.29411764705882354;0.196078431372549;0.3235294117647059;0.10784313725490195;0.0784313725490196;9.415931807436033;1.061539131828987;5.695241631299872;4.036894100001453
726;1610;el rincon;1;Belén;662.338.313.780.955;5.063.386.280.556.670;0;el rincon;0.10423190917651867;0.11795087867202236;0.5389338640709973;0.18560479436976057;0.05249177164933218;46.05984906139017;1.177650973228889;21.74506595636733;24.18934050778542
727;SN01;sin nombre;1;;526.126.526.212.035;133.315.978.186.361;3;;;;;;;;;;
728;1202;calasanz;1;La América;313.244.286.542.315;233.537.641.008.994;0;calasanz;0.05433914176237737;0.07386138481110686;0.7642828994920309;0.09363145571258111;0.01388511822190369;46.05984906139017;1.177650973228889;21.74506595636733;24.18934050778542
729;404;bermejal - los alamos;1;Aranjuez;159.810.329.342.175;19.440.260.810.433.100;0;bermejal - los alamos;0.25072185878637493;0.09955564149112535;0.49169092556189337;0.11461083719148235;0.04342073696912406;46.05984906139017;1.177650973228889;21.74506595636733;24.18934050778542
730;1003;jesus nazareno;1;La Candelaria;30.518.755.921.968;262.760.113.400.574;2;jesus nazareno;0.08741515792114483;0.07749338072793859;0.6991256845171283;0.10317788362231702;0.032468506434084075;2.830608527750305;0.0;1.964568700407184;1.574200374096895
731;917;ocho de marzo;1;Buenos Aires;5.806.927.346.124;152.765.307.522.304;0;ocho de marzo;0.20833333333333331;0.023809523809523808;0.5892857142857143;0.125;0.05357142857142857;46.05984906139017;1.177650973228889;21.74506595636733;24.18934050778542
698;1601;fatima;1;Belén;43.465.369.539.652;268.745.721.781.377;0;fatima;0.04963329469152164;0.05054906321618416;0.8005901396904144;0.07237124752790491;0.02685625487397511;46.05984906139017;1.177650973228889;21.74506595636733;24.18934050778542
699;Inst_2;oleoducto;1;Castilla;28.817.660.522.474;25.029.482.297.262.600;0;oleoducto;0.053609829514597085;0.08995207198196085;0.7239584405621043;0.08641067900586973;0.04606897893546802;46.05984906139017;1.177650973228889;21.74506595636733;24.18934050778542
700;505;boyaca;1;Castilla;25.639.889.420.215;25.959.714.664.027;0;boyaca;0.09288607625555816;0.14482809403369762;0.5789085448645163;0.14003666684325727;0.0433406180029707;46.05984906139017;1.177650973228889;21.74506595636733;24.18934050778542
701;109;aldea pablo vi;1;Popular;71.663.800.670.335;158.116.527.611.615;0;aldea pablo vi;0.29585537918871246;0.15317460317460319;0.42566137566137563;0.09012345679012347;0.03518518518518518;46.05984906139017;1.177650973228889;21.74506595636733;24.18934050778542
702;801;villa hermosa;1;Villa Hermosa;393.468.101.207;328.630.375.620.349;0;villa hermosa;0.18736341736266332;0.10818282375628702;0.5073711854138333;0.14658168727812598;0.05050088618909048;46.05984906139017;1.177650973228889;21.74506595636733;24.18934050778542
703;1406;las lomas no.1;1;El Poblado;48.614.504.934.742;29.889.343.561.306.800;1;las lomas no.1;0.024899279631052942;0.05093406127819823;0.8130324977209671;0.08641648821060431;0.024717673159177462;9.415931807436033;1.061539131828987;5.695241631299872;4.036894100001453
705;1312;betania;1;San Javier;34.907.387.159.039;435.211.863.271.419;0;betania;0.19185185185185188;0.21666666666666667;0.35851851851851857;0.17592592592592596;0.05703703703703703;46.05984906139017;1.177650973228889;21.74506595636733;24.18934050778542
706;607;kennedy;1;Doce de Octubre;49.094.304.993.177;29.760.392.201.999.200;0;kennedy;0.2052772572361444;0.16295171723945467;0.44805778058755436;0.15116070673431894;0.03255253820252763;46.05984906139017;1.177650973228889;21.74506595636733;24.18934050778542
707;1504;santa fe;1;Guayabal;102.508.501.768.489;565.888.285.222.672;2;santa fe;0.05770059256769065;0.0724070755592843;0.7294723322811589;0.09965218306740044;0.04024698319113243;2.830608527750305;0.0;1.964568700407184;1.574200374096895
708;Inst_4;terminal de transporte;1;Castilla;215.849.362.104.375;200.572.134.286.406;2;terminal de transporte;0.05816111505733177;0.07371818351579085;0.7242025321875547;0.11765256311354785;0.026265606125774995;2.830608527750305;0.0;1.964568700407184;1.574200374096895
709;Inst_5;barrio facultad de minas;1;Robledo;243.885.301.847.115;278.104.581.556.016;0;barrio facultad de minas;0.0374407429185029;0.15124078039051736;0.5986834593609359;0.17859112009902112;0.03404389723102252;46.05984906139017;1.177650973228889;21.74506595636733;24.18934050778542
710;211;la rosa;1;Santa Cruz;16.618.141.510.357;232.801.350.025.547;0;la rosa;0.2533089010593255;0.10334357681556323;0.4705522830310606;0.1306398138741093;0.04215542521994135;46.05984906139017;1.177650973228889;21.74506595636733;24.18934050778542
711;1409;suburbano el tesoro;1;El Poblado;117.485.207.926.077;585.797.106.615.629;1;suburbano el tesoro;0.0;0.13157894736842105;0.6666666666666666;0.12280701754385963;0.07894736842105263;9.415931807436033;1.061539131828987;5.695241631299872;4.036894100001453
712;724;monteclaro;1;Robledo;429.504.630.484.525;347.686.168.394.413;1;monteclaro;0.10860215053763442;0.18817204301075272;0.3960573476702508;0.2326164874551971;0.07455197132616487;9.415931807436033;1.061539131828987;5.695241631299872;4.036894100001453
713;802;la mansion;1;Villa Hermosa;24.660.362.863.866;220.213.986.579.537;1;la mansion;0.11093363273051417;0.08824339842613912;0.650680547852811;0.1101370274437678;0.04000539354676801;9.415931807436033;1.061539131828987;5.695241631299872;4.036894100001453
641;Inst_15;u.p.b.;1;Laureles Estadio;216.528.298.225.885;187.214.966.332.678;0;u.p.b.;0.0478494623655914;0.04764267990074441;0.7500059080704242;0.10467032967032969;0.04983161999291031;46.05984906139017;1.177650973228889;21.74506595636733;24.18934050778542
642;Inst_18;cerro nutibara;1;Belén;399.181.972.171.245;28.403.577.695.154.800;0;cerro nutibara;0.048103889729458255;0.05972097283487388;0.7394324866163241;0.10716729139597705;0.0455753594233666;46.05984906139017;1.177650973228889;21.74506595636733;24.18934050778542
643;610;mirador del doce;1;Doce de Octubre;648.257.526.395;133.638.239.227.994;0;mirador del doce;0.34420289855072467;0.286231884057971;0.12318840579710144;0.24637681159420288;0.0;46.05984906139017;1.177650973228889;21.74506595636733;24.18934050778542
644;1620;el nogal - los almendros;1;Belén;248.378.348.640.765;3.072.150.377.860.080;0;el nogal - los almendros;0.051050332725620366;0.0519102091697373;0.8246463420817798;0.05635031744645281;0.016042798576410052;46.05984906139017;1.177650973228889;21.74506595636733;24.18934050778542
645;612;el triunfo;1;Doce de Octubre;117.075.026.323.775;173.004.422.781.281;1;el triunfo;0.28148148148148144;0.15246913580246915;0.21358024691358024;0.3277777777777778;0.024691358024691357;9.415931807436033;1.061539131828987;5.695241631299872;4.036894100001453
646;808;enciso;1;Villa Hermosa;335.273.348.876.105;335.566.300.305.241;0;enciso;0.14589165851569771;0.1052687604926574;0.5854731045727118;0.11204011024364638;0.05132636617528668;46.05984906139017;1.177650973228889;21.74506595636733;24.18934050778542
647;605;la esperanza;1;Doce de Octubre;40.538.273.022.165;271.123.314.688.593;0;la esperanza;0.21105509725989527;0.19079741101814307;0.4002110429488918;0.16068335090280014;0.03725309787026964;46.05984906139017;1.177650973228889;21.74506595636733;24.18934050778542
648;815;las estancias;1;Villa Hermosa;30.201.214.053.153;506.409.455.441.831;0;las estancias;0.241063509018917;0.16652453597425135;0.3848942565972927;0.15567790842933155;0.05183978998020743;46.05984906139017;1.177650973228889;21.74506595636733;24.18934050778542
649;203;pablo vi;1;Santa Cruz;7.773.938.690.625;140.603.301.032.162;0;pablo vi;0.3567063492063493;0.08861111111111113;0.39015873015873015;0.11142857142857142;0.0530952380952381;46.05984906139017;1.177650973228889;21.74506595636733;24.18934050778542
650;Inst_7;b. cerro  el volador;1;Robledo;911.215.960.972.345;530.691.915.442.229;0;b. cerro  el volador;0.15817700817700817;0.07047693047693047;0.6262162837162837;0.11881109631109633;0.026318681318681317;46.05984906139017;1.177650973228889;21.74506595636733;24.18934050778542
651;309;versalles no.1;1;Manrique;369.634.341.225.225;282.815.712.608.758;0;versalles no.1;0.24444929789476444;0.12456964736046496;0.4218339888103109;0.1612725879448922;0.047874477989567496;46.05984906139017;1.177650973228889;21.74506595636733;24.18934050778542
652;1408;altos del poblado;1;El Poblado;91.095.066.003.901;526.359.682.377.872;0;altos del poblado;0.055047577343592516;0.06155075158870224;0.7544665486316342;0.08161338977278255;0.04732173266328863;46.05984906139017;1.177650973228889;21.74506595636733;24.18934050778542
653;Inst_8;universidad nacional;1;Robledo;482.979.351.932.975;286.518.412.666.299;2;universidad nacional;0.05209165816978335;0.0628832081815067;0.7548984797534926;0.09216154539645474;0.03796510849876269;2.830608527750305;0.0;1.964568700407184;1.574200374096895
654;711;el diamante;1;Robledo;37.548.578.284.926;271.142.739.527.907;0;el diamante;0.13480925084358633;0.2079208652984827;0.4254146164128191;0.2050944243148501;0.025974061068892978;46.05984906139017;1.177650973228889;21.74506595636733;24.18934050778542
655;716;palenque;1;Robledo;382.414.167.556.665;41.549.515.083.829;0;palenque;0.08430402406608338;0.12659204248263473;0.6367454845146345;0.13003193048134623;0.02232651845530104;46.05984906139017;1.177650973228889;21.74506595636733;24.18934050778542
656;1401;barrio colombia;1;El Poblado;40.168.105.832.273;28.496.649.408.796.300;0;barrio colombia;0.04959007026898538;0.05975010540150425;0.7902709297765667;0.0783028391302672;0.022086055422676644;46.05984906139017;1.177650973228889;21.74506595636733;24.18934050778542
657;1602;rosales;1;Belén;605.072.402.433.695;32.719.081.634.431.600;0;rosales;0.051150208570340236;0.06180710876957825;0.7855353636615608;0.0747263572598734;0.0267809617386474;46.05984906139017;1.177650973228889;21.74506595636733;24.18934050778542
658;5003;urquita;2;Corregimiento de San Sebastián de Palmitas;554.935.660.023.795;165.936.739.083.859;3;;;;;;;;;;
659;5008;potrera miserenga;2;Corregimiento de San Sebastián de Palmitas;526.737.937.227.903;129.150.393.920.984;3;;;;;;;;;;
660;1507;campo amor;1;Guayabal;103.705.761.263.915;42.748.227.225.337;2;campo amor;0.04701335513730637;0.06433616424703059;0.7624769870635111;0.09352760692193908;0.03248296711245466;2.830608527750305;0.0;1.964568700407184;1.574200374096895
714;1417;la florida;1;El Poblado;767.666.054.557.015;40.652.356.458.749;0;la florida;0.04096434246909428;0.037731392538494675;0.84911308321686;0.04897749346662573;0.02321368830892534;46.05984906139017;1.177650973228889;21.74506595636733;24.18934050778542
715;1607;diego echavarria;1;Belén;31.783.253.461.885;293.772.653.821.203;0;diego echavarria;0.04748770418524737;0.07380322400171599;0.7397909080721424;0.10077254783012297;0.03814561591077121;46.05984906139017;1.177650973228889;21.74506595636733;24.18934050778542
716;1304;los alcazares;1;San Javier;272.545.859.055.815;293.885.385.249.044;0;los alcazares;0.09651785002728776;0.1229371577050844;0.6490750480363983;0.0959183418698549;0.03555160236137466;46.05984906139017;1.177650973228889;21.74506595636733;24.18934050778542
717;410;campo valdes no.1;1;Aranjuez;372.180.945.070.915;266.732.320.269.488;0;campo valdes no.1;0.1537296363032025;0.10391303383806778;0.5769413163267342;0.12359524580559413;0.04117560643607899;46.05984906139017;1.177650973228889;21.74506595636733;24.18934050778542
718;514;lopez de mesa;1;Castilla;354.326.109.368.625;311.920.889.064.258;0;lopez de mesa;0.09575820539261821;0.21281878541847665;0.4692121062828664;0.19044793325306283;0.0317629696529758;46.05984906139017;1.177650973228889;21.74506595636733;24.18934050778542
719;722;olaya herrera;1;Robledo;42.151.290.969.721;429.926.275.914.451;0;olaya herrera;0.22332891123213697;0.11792463808592842;0.4642193827677699;0.15824954615277192;0.036277521761392734;46.05984906139017;1.177650973228889;21.74506595636733;24.18934050778542
720;Inst_6;facultad veterinaria y zootecnia u.de.a.;1;Robledo;110.127.882.017.915;175.476.239.036.126;1;facultad veterinaria y zootecnia u.de.a.;0.06918144579434903;0.08563282595540661;0.728236279849183;0.09370199692780339;0.02324745147325792;9.415931807436033;1.061539131828987;5.695241631299872;4.036894100001453
721;1420;astorga;1;El Poblado;22.221.642.242.836;200.548.208.157.053;1;astorga;0.044661252725768846;0.021542973155876385;0.8575743569102204;0.04784083721465125;0.02838057999348322;9.415931807436033;1.061539131828987;5.695241631299872;4.036894100001453
722;517;caribe;1;Castilla;60.138.235.926.711;349.927.909.005.388;2;caribe;0.04162226479117245;0.0752060216303769;0.743706828566105;0.10687343717424468;0.03259144783810078;2.830608527750305;0.0;1.964568700407184;1.574200374096895
750;1313;el corazon;1;San Javier;203.072.385.480.205;326.643.803.869.284;0;el corazon;0.23782642089093706;0.12910906298003072;0.49600614439324126;0.10710445468509984;0.029953917050691246;46.05984906139017;1.177650973228889;21.74506595636733;24.18934050778542
751;1011;calle nueva;1;La Candelaria;22.917.217.681.194;22.975.803.124.438.600;0;calle nueva;0.07318184617015577;0.04893764520166019;0.803468584965532;0.053604313566152986;0.020807610096499098;46.05984906139017;1.177650973228889;21.74506595636733;24.18934050778542
752;204;la frontera;1;Santa Cruz;16.257.693.917.409;184.346.846.476.465;0;la frontera;0.22536066084453182;0.09436208952337985;0.5113790331532266;0.1262486617325327;0.04264955474632894;46.05984906139017;1.177650973228889;21.74506595636733;24.18934050778542
753;504;tejelo;1;Castilla;42.303.730.812.235;343.480.193.725.032;0;tejelo;0.15203118498280696;0.16510103875819596;0.4859103522724182;0.1502084946839158;0.046748929302663195;46.05984906139017;1.177650973228889;21.74506595636733;24.18934050778542
754;1111;lorena;1;Laureles Estadio;410.861.402.649.785;33.405.172.128.836.100;0;lorena;0.09033850892348769;0.05623686318523995;0.7599481058477703;0.0772302724722815;0.01537440998970358;46.05984906139017;1.177650973228889;21.74506595636733;24.18934050778542
755;205;la francia;1;Santa Cruz;3.418.086.986.469;298.229.374.719.609;1;la francia;0.23198674085770857;0.1354904951679145;0.4984841323551001;0.09372043726882438;0.040318194350452426;9.415931807436033;1.061539131828987;5.695241631299872;4.036894100001453
756;Inst_1;plaza de ferias;1;Castilla;33.927.959.712.522;262.552.464.248.744;0;plaza de ferias;0.06789682539682539;0.06388888888888888;0.7977248677248678;0.055489417989417984;0.015000000000000001;46.05984906139017;1.177650973228889;21.74506595636733;24.18934050778542
757;908;miraflores;1;Buenos Aires;29.110.928.555.398;249.670.662.959.352;0;miraflores;0.07927297757036245;0.07599027984758358;0.6850364992770495;0.11262672426203726;0.04612475243955163;46.05984906139017;1.177650973228889;21.74506595636733;24.18934050778542
758;1017;los angeles;1;La Candelaria;237.106.228.861.835;242.455.623.535.478;0;los angeles;0.09013269815672617;0.061904249647999926;0.7216428621665995;0.0965649132779868;0.02975527675068769;46.05984906139017;1.177650973228889;21.74506595636733;24.18934050778542
759;1416;alejandria;1;El Poblado;432.152.307.971.235;277.470.623.075.445;0;alejandria;0.02935396341282033;0.03489309071150503;0.8623635945125775;0.053288111228245574;0.02010124013485161;46.05984906139017;1.177650973228889;21.74506595636733;24.18934050778542
760;1305;metropolitano;1;San Javier;106.982.478.582.215;15.869.184.326.936.900;1;metropolitano;0.16666666666666663;0.14800000000000002;0.30933333333333335;0.196;0.18;9.415931807436033;1.061539131828987;5.695241631299872;4.036894100001453
761;1115;cuarta brigada;1;Laureles Estadio;272.442.063.616.065;245.880.359.294.174;0;cuarta brigada;0.08695348146767427;0.08133009177559163;0.7259008234701462;0.0811690494783922;0.02403791108147649;46.05984906139017;1.177650973228889;21.74506595636733;24.18934050778542
762;1109;las acacias;1;Laureles Estadio;341.239.058.165.215;266.355.430.935.274;0;las acacias;0.05062735256195954;0.06738390887496662;0.7791021256453459;0.07936096769157118;0.023525645226156838;46.05984906139017;1.177650973228889;21.74506595636733;24.18934050778542
763;1410;los naranjos;1;El Poblado;965.370.623.005.105;521.960.835.291.891;0;los naranjos;0.026816889458954773;0.04455509167577028;0.8282392406951851;0.06965685364715818;0.030731924522931695;46.05984906139017;1.177650973228889;21.74506595636733;24.18934050778542
764;713;aures no.1;1;Robledo;76.195.444.918.122;4.268.565.093.950.320;0;aures no.1;0.15409388649745753;0.21486288117835586;0.36924415454670695;0.2142178333973457;0.04758124438013407;46.05984906139017;1.177650973228889;21.74506595636733;24.18934050778542
765;909;cataluña;1;Buenos Aires;472.280.019.417.555;45.804.999.373.216.200;3;cataluña;0.10348420818060287;0.09106389077926079;0.5610947665027362;0.1740469787433734;0.07031015579402676;;;;
766;SN02;sin nombre;2;;13.277.138.452.177;760.302.167.161.419;3;;;;;;;;;;
767;112;carpinelo;1;Popular;361.946.638.168.805;29.523.248.072.147.300;0;carpinelo;0.33947772657450076;0.1339477726574501;0.2587557603686636;0.19066820276497695;0.0771505376344086;46.05984906139017;1.177650973228889;21.74506595636733;24.18934050778542
768;206;andalucia;1;Santa Cruz;22.821.281.915.298;240.719.552.277.179;0;andalucia;0.24116564439145083;0.1175827756472918;0.4789791749469169;0.11396291880162848;0.04830948621271201;46.05984906139017;1.177650973228889;21.74506595636733;24.18934050778542
769;1110;la castellana;1;Laureles Estadio;69.666.279.523.444;439.565.802.099.898;0;la castellana;0.06086163969609323;0.04417039285424925;0.820539910044415;0.05789494456599686;0.01653311283924539;46.05984906139017;1.177650973228889;21.74506595636733;24.18934050778542
770;405;moravia;1;Aranjuez;482.535.265.050.525;38.578.452.949.510.400;0;moravia;0.1931337458570856;0.07210593993884135;0.5816066644238754;0.1109212475145417;0.04223240226565605;46.05984906139017;1.177650973228889;21.74506595636733;24.18934050778542
771;1006;san benito;1;La Candelaria;493.350.648.462.135;329.446.918.150.266;2;san benito;0.12063097057097373;0.0583077542524674;0.7239458205145395;0.07005362618976164;0.0267575071088981;2.830608527750305;0.0;1.964568700407184;1.574200374096895
772;1101;carlos e. restrepo;1;Laureles Estadio;4.498.951.760.308;337.795.860.180.185;2;carlos e. restrepo;0.04835379922878309;0.07293080448836624;0.7620487639039925;0.09029420199370461;0.026372430385153446;2.830608527750305;0.0;1.964568700407184;1.574200374096895
773;717;robledo;1;Robledo;446.970.267.277.795;418.848.818.686.097;0;robledo;0.08318822129059514;0.16342520456215995;0.510073916785319;0.1789502882418172;0.06436236912010869;46.05984906139017;1.177650973228889;21.74506595636733;24.18934050778542
774;1307;juan xxiii la quiebra;1;San Javier;224.937.292.015.955;289.335.136.500.871;0;juan xxiii la quiebra;0.19610855094726065;0.13477982590885815;0.43998975934459805;0.1753712237583205;0.053750640040962624;46.05984906139017;1.177650973228889;21.74506595636733;24.18934050778542
732;1311;belencito;1;San Javier;368.036.679.090.055;332.147.264.358.488;0;belencito;0.16464646464646462;0.11519573616347809;0.5225224596192338;0.18177512451705996;0.015860215053763442;46.05984906139017;1.177650973228889;21.74506595636733;24.18934050778542
733;1621;cerro nutibara;1;Belén;135.109.137.336.775;199.557.776.528.112;0;cerro nutibara;0.048103889729458255;0.05972097283487388;0.7394324866163241;0.10716729139597705;0.0455753594233666;46.05984906139017;1.177650973228889;21.74506595636733;24.18934050778542
734;1211;simon bolivar;1;La América;291.448.410.718.815;239.152.757.498.716;0;simon bolivar;0.06626972334677318;0.05265285720194339;0.810733695768151;0.05743945527601775;0.012904268407114708;46.05984906139017;1.177650973228889;21.74506595636733;24.18934050778542
735;718;cucaracho;1;Robledo;62.566.015.702.287;50.681.341.899.553;0;cucaracho;0.06283845765823208;0.18764953830876924;0.5194265643527138;0.18939013490478374;0.040695304775500915;46.05984906139017;1.177650973228889;21.74506595636733;24.18934050778542
736;Inst_11;universidad de antioquia;1;Aranjuez;312.368.607.759.965;225.462.255.698.184;0;universidad de antioquia;0.05748146775547155;0.10254492263363066;0.6644789404888782;0.12957068799732163;0.04592398112469814;46.05984906139017;1.177650973228889;21.74506595636733;24.18934050778542
737;1308;san javier no.2;1;San Javier;151.082.916.161.355;17.668.625.381.548.600;0;san javier no.2;0.2112600660987758;0.11158823255597448;0.5376012428431782;0.12234615742680262;0.017204301075268817;46.05984906139017;1.177650973228889;21.74506595636733;24.18934050778542
738;414;brasilia;1;Aranjuez;327.324.575.347.325;268.065.323.665.492;0;brasilia;0.15806353300384485;0.10014411010340811;0.5924339631536975;0.1084390674534713;0.04091932628557842;46.05984906139017;1.177650973228889;21.74506595636733;24.18934050778542
739;1107;bolivariana;1;Laureles Estadio;32.099.988.088.899;27.983.535.441.785.100;0;bolivariana;0.05994102717151814;0.05961830383305552;0.7799851513786077;0.07527484593609658;0.025180671680722157;46.05984906139017;1.177650973228889;21.74506595636733;24.18934050778542
740;401;berlin;1;Aranjuez;30.019.510.574.933;23.395.505.704.266.600;0;berlin;0.1921419097361467;0.12212663936148563;0.524242442030806;0.12323396240005162;0.03825504647151012;46.05984906139017;1.177650973228889;21.74506595636733;24.18934050778542
741;1112;el velodromo;1;Laureles Estadio;367.628.559.355.705;2.969.379.852.095.080;0;el velodromo;0.06270720058938521;0.08274458670929671;0.7432543063844178;0.08923605491606974;0.022057851400830525;46.05984906139017;1.177650973228889;21.74506595636733;24.18934050778542
742;1209;santa monica;1;La América;355.860.076.319.765;283.776.035.558.101;0;santa monica;0.0544377005752218;0.09961257754751211;0.7049309731847432;0.1154334633873733;0.02558528530514948;46.05984906139017;1.177650973228889;21.74506595636733;24.18934050778542
743;1603;belen;1;Belén;53.493.270.886.064;432.291.667.537.154;2;belen;0.07570860190086334;0.05789546924643342;0.7625040295447546;0.07696131058443159;0.02693058872351697;2.830608527750305;0.0;1.964568700407184;1.574200374096895
744;306;el pomar;1;Manrique;15.793.495.587.486;197.895.421.654.792;0;el pomar;0.1866736520911094;0.1146426628400063;0.5289859386870772;0.1228509604458371;0.04531068762567813;46.05984906139017;1.177650973228889;21.74506595636733;24.18934050778542
745;312;oriente;1;Manrique;41.225.012.690.138;321.920.618.019.391;0;oriente;0.3276984126984127;0.13952380952380952;0.35579365079365083;0.10333333333333333;0.07365079365079365;46.05984906139017;1.177650973228889;21.74506595636733;24.18934050778542
747;817;la sierra;1;Villa Hermosa;212.262.654.642.775;24.423.567.871.022;1;la sierra;0.06666666666666667;0.26666666666666666;0.13333333333333333;0.43333333333333335;0.1;9.415931807436033;1.061539131828987;5.695241631299872;4.036894100001453
748;313;maria cano-carambolas;1;Manrique;35.291.944.954.853;29.935.819.589.916.800;3;;;;;;;;;;
749;706;la pilarica;1;Robledo;30.417.922.013.851;3.153.709.481.357;0;la pilarica;0.05960124525212736;0.0966247204446893;0.6972571566625384;0.1161402396054848;0.03037663803516022;46.05984906139017;1.177650973228889;21.74506595636733;24.18934050778542
818;Inst_20;el rodeo;1;Guayabal;741.103.366.202.635;37.862.227.884.328.700;0;el rodeo;0.09365768639962188;0.10115207373271888;0.5572551104809169;0.15734373153727996;0.09059139784946237;46.05984906139017;1.177650973228889;21.74506595636733;24.18934050778542
819;910;la milagrosa;1;Buenos Aires;19.968.790.552.677;22.406.107.272.191.500;0;la milagrosa;0.12611936663441445;0.1024577170569446;0.6433351094605051;0.09839739746133175;0.029690409386804072;46.05984906139017;1.177650973228889;21.74506595636733;24.18934050778542
820;1414;el castillo;1;El Poblado;722.753.889.621.535;376.055.063.914.483;0;el castillo;0.029004668639393497;0.02005665902724726;0.8774658058576466;0.04084974165619327;0.0326231248195195;46.05984906139017;1.177650973228889;21.74506595636733;24.18934050778542
821;314;san jose la cima no.1;1;Manrique;1.554.759.634.813;21.579.385.107.643.300;0;san jose la cima no.1;0.3125;0.10416666666666667;0.3819444444444444;0.15972222222222224;0.041666666666666664;46.05984906139017;1.177650973228889;21.74506595636733;24.18934050778542
822;305;el raizal;1;Manrique;297.960.739.602.475;291.742.404.293.925;0;el raizal;0.18495842249678976;0.14593806745727242;0.46143005485998095;0.14511211998560677;0.06256133520035013;46.05984906139017;1.177650973228889;21.74506595636733;24.18934050778542
823;106;villa guadalupe;1;Popular;23.861.023.491.360.000;24.885.107.887.792;0;villa guadalupe;0.25580765428962776;0.1417923685001484;0.4051285052708202;0.1532696325390822;0.044001839400321374;46.05984906139017;1.177650973228889;21.74506595636733;24.18934050778542
824;1418;el poblado;1;El Poblado;261.432.505.314.425;273.944.409.929.485;0;el poblado;0.048433489726051736;0.03564251271531019;0.8200901064386084;0.07369468822836765;0.022139202891662126;46.05984906139017;1.177650973228889;21.74506595636733;24.18934050778542
825;1503;trinidad;1;Guayabal;67.970.751.400.858;4.372.673.080.978.130;0;trinidad;0.1331718896366535;0.053365431774514055;0.7100640756482004;0.07796847714747027;0.025430125793161642;46.05984906139017;1.177650973228889;21.74506595636733;24.18934050778542
775;1310;veinte de julio;1;San Javier;381.831.585.151.545;38.512.739.559.513.500;0;veinte de julio;0.21499083090639068;0.10588620477140401;0.4953643657628477;0.14761038824131803;0.03614821031803954;46.05984906139017;1.177650973228889;21.74506595636733;24.18934050778542
776;708;altamira;1;Robledo;36.726.483.258.129;288.443.009.288.182;0;altamira;0.06499932400063299;0.16904576716659744;0.6287567627425288;0.11495654441974151;0.02224160167049927;46.05984906139017;1.177650973228889;21.74506595636733;24.18934050778542
777;Inst_12;hospital san vicente de paul;1;La Candelaria;86.561.760.806.495;122.868.690.290.803;1;hospital san vicente de paul;0.08064516129032258;0.07446236559139784;0.7359447004608296;0.06486175115207372;0.04408602150537635;9.415931807436033;1.061539131828987;5.695241631299872;4.036894100001453
778;1407;las lomas no.2;1;El Poblado;33.575.346.668.247;27.607.121.287.191.300;1;las lomas no.2;0.023675115207373275;0.0628888136952653;0.768451038209103;0.10147469018436761;0.043510342703891085;9.415931807436033;1.061539131828987;5.695241631299872;4.036894100001453
779;510;tricentenario;1;Castilla;42.063.829.528.584;289.730.576.139.125;0;tricentenario;0.05081355951225199;0.08879124598652602;0.7205746002791845;0.09828270797828463;0.0415378862437529;46.05984906139017;1.177650973228889;21.74506595636733;24.18934050778542
780;208;villa niza;1;Santa Cruz;14.321.546.467.293;16.973.040.271.570.500;0;villa niza;0.2129280904280904;0.12878667628667628;0.5156180856180855;0.11495069745069746;0.027716450216450216;46.05984906139017;1.177650973228889;21.74506595636733;24.18934050778542
781;1108;laureles;1;Laureles Estadio;707.014.331.364.375;384.711.163.812.493;0;laureles;0.04453209503997406;0.03415347287200317;0.8283678601932287;0.07902110816592942;0.013925463728864778;46.05984906139017;1.177650973228889;21.74506595636733;24.18934050778542
782;1303;santa rosa de lima;1;San Javier;139.971.033.117.545;215.895.467.157.008;0;santa rosa de lima;0.2;0.2;0.4;0.175;0.025;46.05984906139017;1.177650973228889;21.74506595636733;24.18934050778542
783;1206;santa lucia;1;La América;27.591.374.884.088;304.870.366.313.463;0;santa lucia;0.1664469938663487;0.09427991363475235;0.5974862055507217;0.09678967985419597;0.044997207093981285;46.05984906139017;1.177650973228889;21.74506595636733;24.18934050778542
784;1205;la floresta;1;La América;42.257.188.811.336;273.422.364.748.133;0;la floresta;0.1028112399111706;0.09751434035177017;0.6737122424788058;0.10424991397881993;0.021712263279433548;46.05984906139017;1.177650973228889;21.74506595636733;24.18934050778542
785;1617;las mercedes;1;Belén;376.395.734.635.055;33.466.321.025.396.600;1;las mercedes;0.10577835851355276;0.08212091292087297;0.6366517930896739;0.12032732821956828;0.05512160725633212;9.415931807436033;1.061539131828987;5.695241631299872;4.036894100001453
786;1016;boston;1;La Candelaria;535.705.975.924.235;3.120.281.428.830.200;2;boston;0.10354178877613879;0.05432450601336038;0.7432992363454263;0.06930075016719092;0.029145067318171222;2.830608527750305;0.0;1.964568700407184;1.574200374096895
787;725;nueva villa de la iguana;1;Robledo;6.502.671.846.924;183.874.040.598.444;0;nueva villa de la iguana;0.0616481841244541;0.09289707369377713;0.6872707403850072;0.12566391679615144;0.032520085000610315;46.05984906139017;1.177650973228889;21.74506595636733;24.18934050778542
788;905;alejandro echavarria;1;Buenos Aires;36.541.787.761.532;388.416.549.755.101;0;alejandro echavarria;0.10877756732707101;0.10096042805243363;0.5832866856869102;0.15046433623969988;0.05651098269388534;46.05984906139017;1.177650973228889;21.74506595636733;24.18934050778542
789;608;picacho;1;Doce de Octubre;41.624.696.250.736;381.688.465.486.201;0;picacho;0.1733412389231112;0.2281888092879123;0.39387812591157606;0.17327903942553352;0.031312786451866886;46.05984906139017;1.177650973228889;21.74506595636733;24.18934050778542
790;105;moscu no.2;1;Popular;282.168.260.220.565;242.045.293.836.711;0;moscu no.2;0.2772334586139141;0.15651417420867134;0.38183521359517564;0.14272214713391182;0.04169500644832714;46.05984906139017;1.177650973228889;21.74506595636733;24.18934050778542
791;101;santo domingo sabio no.1;1;Popular;56.124.765.978.179;359.670.058.382.423;0;santo domingo sabio no.1;0.33213769412354727;0.12936813568864727;0.3267712535481066;0.1553794451267302;0.056343471512968556;46.05984906139017;1.177650973228889;21.74506595636733;24.18934050778542
792;1207;el danubio;1;La América;21.206.227.811.854;233.179.965.149.965;0;el danubio;0.08467956774408388;0.09765161503276953;0.6858221758988264;0.10389384617513049;0.02795279514918983;46.05984906139017;1.177650973228889;21.74506595636733;24.18934050778542
793;111;la avanzada;1;Popular;276.605.816.234.615;28.911.277.676.951.100;1;la avanzada;0.20956221198156685;0.0957757296466974;0.5653225806451612;0.09811827956989248;0.031221198156682027;9.415931807436033;1.061539131828987;5.695241631299872;4.036894100001453
794;1012;perpetuo socorro;1;La Candelaria;64.020.610.762.827;37.116.397.417.133.500;2;perpetuo socorro;0.03898444620683129;0.058160268897116146;0.7887897715189681;0.0857416597133537;0.02832385366373075;2.830608527750305;0.0;1.964568700407184;1.574200374096895
795;1412;san lucas;1;El Poblado;12.283.457.995.688;51.078.572.187.613;0;san lucas;0.038006796071312195;0.01838233451136677;0.8641325520357778;0.05783410138248848;0.021644215999054712;46.05984906139017;1.177650973228889;21.74506595636733;24.18934050778542
796;9002;media luna;2;Corregimiento de Santa Elena;944.454.536.651.997;17.115.671.969.141.200;1;media luna;0.3333333333333333;0.0;0.3333333333333333;0.3333333333333333;0.0;9.415931807436033;1.061539131828987;5.695241631299872;4.036894100001453
797;9004;barro blanco;2;Corregimiento de Santa Elena;311.798.304.922.358;9.731.524.435.946.420;3;;;;;;;;;;
798;9010;piedra gorda;2;Corregimiento de Santa Elena;30.160.887.158.133;9.814.233.031.609.820;1;piedra gorda;0.0;0.0;1.0;0.0;0.0;9.415931807436033;1.061539131828987;5.695241631299872;4.036894100001453
799;7004;san pablo;2;Corregimiento de Altavista;324.900.602.081.013;114.376.496.026.608;1;san pablo;0.27253627186089985;0.15739459032927522;0.3850363005448894;0.1317083589978826;0.05332447826705293;9.415931807436033;1.061539131828987;5.695241631299872;4.036894100001453
800;1213;calasanz parte alta;1;La América;4.142.623.181.696;412.980.006.754.114;0;calasanz parte alta;0.05622553234907175;0.11690291636486583;0.6623217861420697;0.12832721160644858;0.03622255353754405;46.05984906139017;1.177650973228889;21.74506595636733;24.18934050778542
801;7002;aguas frias;2;Corregimiento de Altavista;335.988.405.708.032;81.148.360.899.151;1;aguas frias;0.1593185550082102;0.11436781609195401;0.4889162561576354;0.20808702791461411;0.02931034482758621;9.415931807436033;1.061539131828987;5.695241631299872;4.036894100001453
802;202;el playon de los comuneros;1;Santa Cruz;20.537.868.668.122;353.591.710.058.744;0;el playon de los comuneros;0.19876848062331925;0.07657257616935036;0.5841790378080699;0.09481016295532425;0.045669742443936;46.05984906139017;1.177650973228889;21.74506595636733;24.18934050778542
803;1004;el chagualo;1;La Candelaria;36.647.913.024.943;251.465.862.125.504;2;el chagualo;0.09639340291517418;0.07178897825621856;0.7088605525842591;0.09873434423907754;0.024222722005270713;2.830608527750305;0.0;1.964568700407184;1.574200374096895
804;1509;cristo rey;1;Guayabal;75.952.200.286.878;417.439.485.363.806;2;cristo rey;0.07547647510424586;0.05328616933850735;0.7484968911120323;0.09092706143160588;0.03181340301360868;2.830608527750305;0.0;1.964568700407184;1.574200374096895
805;1105;los conquistadores;1;Laureles Estadio;683.261.011.765.335;38.245.405.159.341.100;2;los conquistadores;0.04322878872001097;0.05561541951166224;0.7849428730123384;0.08960926299815554;0.02660365575783262;2.830608527750305;0.0;1.964568700407184;1.574200374096895
806;916;asomadera no.3;1;Buenos Aires;17.092.983.563.599;239.647.579.756.125;0;asomadera no.3;0.00783410138248848;0.06797235023041474;0.747926267281106;0.10606758832565283;0.07019969278033796;46.05984906139017;1.177650973228889;21.74506595636733;24.18934050778542
807;1612;la gloria;1;Belén;611.237.912.314.105;38.632.960.092.348.000;0;la gloria;0.04745294846725212;0.08516307952616085;0.6791242736179148;0.1456858705104368;0.042573827878235486;46.05984906139017;1.177650973228889;21.74506595636733;24.18934050778542
808;1301;el pesebre;1;San Javier;22.177.933.430.866;35.197.712.354.061.800;0;el pesebre;0.13942885071917327;0.17818973141553787;0.5255376344086022;0.13430037704231254;0.022543406414374155;46.05984906139017;1.177650973228889;21.74506595636733;24.18934050778542
809;1405;lalinde;1;El Poblado;230.059.428.806.635;227.420.951.534.179;1;lalinde;0.013594470046082949;0.03827444956477215;0.9045826932923707;0.016129032258064516;0.027419354838709678;9.415931807436033;1.061539131828987;5.695241631299872;4.036894100001453
810;409;manrique central no.1;1;Aranjuez;355.580.323.298.175;26.908.261.234.079;0;manrique central no.1;0.09197956806276295;0.08595818624738996;0.6391672085023551;0.14084070195998485;0.04205433522750697;46.05984906139017;1.177650973228889;21.74506595636733;24.18934050778542
811;1314;las independencias;1;San Javier;254.173.180.083.085;2.308.346.433.779.780;1;las independencias;0.35402298850574715;0.1517241379310345;0.20747126436781613;0.1770114942528736;0.10977011494252874;9.415931807436033;1.061539131828987;5.695241631299872;4.036894100001453
812;Inst_19;parque juan pablo ii;1;Guayabal;139.066.321.906.791;668.646.471.735.514;0;parque juan pablo ii;0.05115236827817681;0.07146478264899767;0.7228646478856474;0.11398978884722634;0.04052841233995187;46.05984906139017;1.177650973228889;21.74506595636733;24.18934050778542
813;209;moscu no.1;1;Santa Cruz;19.082.094.920.967;223.722.975.912.052;1;moscu no.1;0.22242493682621517;0.11520487928906985;0.5220272772380032;0.09736951381563388;0.042973392831077845;9.415931807436033;1.061539131828987;5.695241631299872;4.036894100001453
814;707;bosques de san pablo;1;Robledo;26.314.698.567.497;295.210.562.467.034;0;bosques de san pablo;0.06535418832307877;0.12261580896106011;0.6895346996290771;0.09660123491143166;0.025894068175352506;46.05984906139017;1.177650973228889;21.74506595636733;24.18934050778542
815;807;los mangos;1;Villa Hermosa;467.256.772.299.905;33.850.845.591.811.600;0;los mangos;0.2049810822086212;0.13395337096970622;0.4890710503108408;0.11788724358231825;0.05410725292851356;46.05984906139017;1.177650973228889;21.74506595636733;24.18934050778542
816;904;los cerros el vergel;1;Buenos Aires;3.169.398.965.916;276.417.985.528.389;0;los cerros el vergel;0.13406148458330622;0.12819530774938742;0.5353834811614698;0.16154167885666937;0.040818047649167195;46.05984906139017;1.177650973228889;21.74506595636733;24.18934050778542
817;1619;miravalle;1;Belén;164.413.641.328.895;18.670.354.001.786.800;1;miravalle;0.10331632653061225;0.0485969387755102;0.7062358276643991;0.05639172335600907;0.08545918367346939;9.415931807436033;1.061539131828987;5.695241631299872;4.036894100001453
840;8006;el salado ;2;Corregimiento de San Antonio de Prado;732.651.418.429.035;176.833.229.965.647;1;el salado ;0.0;0.0;0.0;1.0;0.0;9.415931807436033;1.061539131828987;5.695241631299872;4.036894100001453
841;9001;las palmas;2;Corregimiento de Santa Elena;158.981.012.827.413;290.780.609.718.075;0;las palmas;0.0756036480615134;0.09059985792240359;0.6658678167791748;0.11694920867055505;0.04957694402217365;46.05984906139017;1.177650973228889;21.74506595636733;24.18934050778542
843;7006;la esperanza;2;Corregimiento de Altavista;204.075.748.214.582;7.248.605.501.384.920;0;la esperanza;0.21105509725989527;0.19079741101814307;0.4002110429488918;0.16068335090280014;0.03725309787026964;46.05984906139017;1.177650973228889;21.74506595636733;24.18934050778542
845;9009;suburbano el plan;2;Corregimiento de Santa Elena;617.548.881.472.347;125.566.817.368.761;1;suburbano el plan;0.12323769420543615;0.253512258350968;0.2595360732457506;0.2694395210524243;0.09427445314542089;9.415931807436033;1.061539131828987;5.695241631299872;4.036894100001453
846;7008;el jardin;2;Corregimiento de Altavista;290.780.772.020.147;835.172.603.947.121;3;;;;;;;;;;
847;9008;el llano se;2;Corregimiento de Santa Elena;211.797.688.220.976;6.609.423.524.612;1;el llano se;0.0;0.0;1.0;0.0;0.0;9.415931807436033;1.061539131828987;5.695241631299872;4.036894100001453
848;8007;la verde ;2;Corregimiento de San Antonio de Prado;669.463.785.614.658;131.282.937.643.219;1;la verde ;0.057692307692307696;0.0737179487179487;0.719871794871795;0.07179487179487179;0.07692307692307693;9.415931807436033;1.061539131828987;5.695241631299872;4.036894100001453
851;AUC2;san antonio de prado;2;Corregimiento de San Antonio de Prado;377.984.691.281.294;165.588.795.235.376;3;;;;;;;;;;
849;9007;el cerro;2;Corregimiento de Santa Elena;183.660.414.706.758;649.035.911.839.901;3;;;;;;;;;;
850;8003;montanita ;2;Corregimiento de San Antonio de Prado;233.244.501.209.805;10.390.905.605.019.300;3;;;;;;;;;;
861;1020;san diego;1;La Candelaria;70.831.925.743.507;481.819.650.978.404;2;san diego;0.051210596845353167;0.061260297527970756;0.7729409942261013;0.0867094769841264;0.02787863441644831;2.830608527750305;0.0;1.964568700407184;1.574200374096895
862;1316;el salado;1;San Javier;4.386.335.900.552.990;41.393.804.661.856;1;el salado;0.22452636968766002;0.1445468509984639;0.41321044546850993;0.14267793138760881;0.0750384024577573;9.415931807436033;1.061539131828987;5.695241631299872;4.036894100001453
852;8001;la florida;2;Corregimiento de San Antonio de Prado;281.904.318.425.353;857.173.829.331.501;0;la florida;0.04096434246909428;0.037731392538494675;0.84911308321686;0.04897749346662573;0.02321368830892534;46.05984906139017;1.177650973228889;21.74506595636733;24.18934050778542
853;8008;san jose;2;Corregimiento de San Antonio de Prado;381.443.040.308.745;34.310.385.473.418;3;;;;;;;;;;
854;5004;palmitas sector central;2;Corregimiento de San Sebastián de Palmitas;951.707.784.458.133;16.190.811.110.626.300;1;palmitas sector central;0.0;0.0;1.0;0.0;0.0;9.415931807436033;1.061539131828987;5.695241631299872;4.036894100001453
855;6006;boqueron;2;Corregimiento de San Cristóbal;558.407.272.279.345;111.401.880.330.411;3;;;;;;;;;;
856;6010;el carmelo;2;Corregimiento de San Cristóbal;103.541.026.402.104;475.725.872.011.147;3;;;;;;;;;;
857;AE4;area de expansion el noral;1;Corregimiento de Altavista;142.770.750.710.765;252.061.916.606.586;3;;;;;;;;;;
858;1616;las violetas;1;Belén;59.853.876.719.765;568.170.659.523.549;0;las violetas;0.2016079850994462;0.12648319159229976;0.5179972883957703;0.1052361300938151;0.048675404818668576;46.05984906139017;1.177650973228889;21.74506595636733;24.18934050778542
859;1423;santa maria de los angeles;1;El Poblado;55.837.560.316.968;33.072.473.576.238;0;santa maria de los angeles;0.028168612451557697;0.04728886030393894;0.7978876641371441;0.09945339387060634;0.027201469236753036;46.05984906139017;1.177650973228889;21.74506595636733;24.18934050778542
860;1306;la pradera;1;San Javier;35.093.426.818.516;308.908.240.624.927;0;la pradera;0.16005645577277455;0.1360925517661761;0.47121908768018816;0.17205447198805837;0.0605774327928028;46.05984906139017;1.177650973228889;21.74506595636733;24.18934050778542
826;1614;la palma;1;Belén;334.168.596.434.695;24.770.135.832.168.300;0;la palma;0.09663243670752035;0.09671722582047551;0.6681802566436856;0.10646801647142345;0.03200206435689509;46.05984906139017;1.177650973228889;21.74506595636733;24.18934050778542
827;1103;naranjal;1;Laureles Estadio;446.352.104.869.175;293.197.785.469.477;2;naranjal;0.0549067728986751;0.06625627096563995;0.758360998592246;0.09650869366873145;0.023967263874707444;2.830608527750305;0.0;1.964568700407184;1.574200374096895
828;603;doce de octubre no.2;1;Doce de Octubre;39.823.881.747.724;33.444.213.119.975.200;0;doce de octubre no.2;0.1783384563436901;0.17009651674446283;0.4345139012203473;0.17115903168419028;0.0458920940073095;46.05984906139017;1.177650973228889;21.74506595636733;24.18934050778542
829;104;granizal;1;Popular;244.834.686.465.675;288.594.979.720.734;0;granizal;0.2791859549175038;0.07339114052386797;0.48854317101720474;0.12436705894835327;0.034512674593070086;46.05984906139017;1.177650973228889;21.74506595636733;24.18934050778542
830;1605;san bernardo;1;Belén;56.785.804.491.129;359.996.733.676.046;0;san bernardo;0.10955772751042943;0.08525545498695615;0.6683052286934512;0.09997326366641558;0.03690832514274768;46.05984906139017;1.177650973228889;21.74506595636733;24.18934050778542
831;912;el salvador;1;Buenos Aires;354.795.462.176.965;333.464.271.763.545;0;el salvador;0.11808922443322532;0.11726424370331454;0.546053293863556;0.1667431886916151;0.051850049308289084;46.05984906139017;1.177650973228889;21.74506595636733;24.18934050778542
832;407;sevilla;1;Aranjuez;270.255.504.362.945;204.409.867.413.256;0;sevilla;0.09769317010416766;0.09085004949775877;0.693019294792097;0.0959779676949496;0.02245951791102687;46.05984906139017;1.177650973228889;21.74506595636733;24.18934050778542
833;304;santa ines;1;Manrique;34.829.949.468.915;260.175.972.273.744;0;santa ines;0.18745323618848234;0.11205189113209228;0.5007328156462534;0.15468263389033948;0.04507942314283258;46.05984906139017;1.177650973228889;21.74506595636733;24.18934050778542
834;519;el progreso;1;Castilla;40.760.322.458.145;270.574.333.024.017;2;el progreso;0.06835486484894704;0.10813655881759869;0.7105708391188754;0.09164788504257139;0.021289852172007323;2.830608527750305;0.0;1.964568700407184;1.574200374096895
835;1404;castropol;1;El Poblado;606.172.237.765.595;39.582.578.227.646.400;0;castropol;0.04633510481323598;0.05588819887295102;0.7778724051274817;0.0933544850284231;0.026549806157908126;46.05984906139017;1.177650973228889;21.74506595636733;24.18934050778542
836;508;belalcazar;1;Castilla;16.652.170.461.015;18.884.357.100.251.000;0;belalcazar;0.050311077089207;0.07576607793591832;0.7108283200143537;0.13948555409274743;0.023608970867773554;46.05984906139017;1.177650973228889;21.74506595636733;24.18934050778542
837;1007;guayaquil;1;La Candelaria;31.820.142.036.657;255.379.601.478.728;2;guayaquil;0.10189740565891381;0.049500213225037;0.7781277555436249;0.05580921590480249;0.014384904758785979;2.830608527750305;0.0;1.964568700407184;1.574200374096895
838;9005;el placer;2;Corregimiento de Santa Elena;204.170.300.438.372;6.436.194.733.723.790;3;;;;;;;;;;
839;7005;altavista sector central;2;Corregimiento de Altavista;292.538.218.970.776;12.918.315.132.286.000;0;altavista sector central;0.17615207373271888;0.18279569892473121;0.3735023041474654;0.2153993855606759;0.0521505376344086;46.05984906139017;1.177650973228889;21.74506595636733;24.18934050778542
899;1019;la candelaria;1;La Candelaria;64.922.865.715.375;36.135.279.370.995.200;2;la candelaria;0.17610467920828715;0.060918489791949866;0.6920382754440804;0.05515955055986739;0.015779004995815284;2.830608527750305;0.0;1.964568700407184;1.574200374096895
900;1419;manila;1;El Poblado;27.413.867.547.539;245.474.746.678.721;2;manila;0.030790469520722633;0.04521747842605183;0.8356369470169336;0.06544990391861515;0.022905201117676695;2.830608527750305;0.0;1.964568700407184;1.574200374096895
901;805;batallon girardot;1;Villa Hermosa;32.398.293.698.929.900;384.867.440.086.955;1;batallon girardot;0.5833333333333334;0.08333333333333333;0.3333333333333333;0.0;0.0;9.415931807436033;1.061539131828987;5.695241631299872;4.036894100001453
902;813;villatina;1;Villa Hermosa;406.625.431.682.805;533.610.670.016.524;0;villatina;0.2048800333317092;0.1700424017577913;0.4241928326224502;0.15117994566230336;0.04841446404510074;46.05984906139017;1.177650973228889;21.74506595636733;24.18934050778542
903;1013;barrio colon;1;La Candelaria;35.818.795.726.553;34.263.573.361.040.800;2;barrio colon;0.08591623552102759;0.05078822017445394;0.7779897891756422;0.06582849343372471;0.0194772616951515;2.830608527750305;0.0;1.964568700407184;1.574200374096895
904;Inst_10;jardin botanico;1;Aranjuez;159.710.692.620.645;16.350.986.186.731.300;0;jardin botanico;0.10222143447949901;0.07443922564890307;0.6658828626570562;0.11852278545826932;0.0389336917562724;46.05984906139017;1.177650973228889;21.74506595636733;24.18934050778542
905;402;san isidro;1;Aranjuez;432.192.245.897.615;290.508.504.066.385;0;san isidro;0.14157128670745087;0.13831833268187682;0.5393453035425315;0.14423676903653912;0.03652830803160157;46.05984906139017;1.177650973228889;21.74506595636733;24.18934050778542
906;315;san jose la cima no.2;1;Manrique;14.161.501.838.908;16.412.764.688.784.100;1;san jose la cima no.2;0.1851851851851852;0.2314814814814815;0.027777777777777776;0.4074074074074074;0.14814814814814814;9.415931807436033;1.061539131828987;5.695241631299872;4.036894100001453
907;1318;antonio nariño;1;San Javier;39.383.985.467.535;35.955.372.955.444.300;3;antonio nariño;0.1474742998936547;0.16990255159135614;0.45079104429199307;0.1487183541737621;0.08311375004923391;;;;
863;714;bello horizonte;1;Robledo;18.684.525.205.997;20.897.651.220.867.400;0;bello horizonte;0.14801307958328833;0.12249336158254565;0.6005421971029181;0.09563189024763977;0.03331947148360811;46.05984906139017;1.177650973228889;21.74506595636733;24.18934050778542
864;1018;villa nueva;1;La Candelaria;300.243.060.484.715;234.105.522.640.714;2;villa nueva;0.13658394693119222;0.06904318101955068;0.7004452568625312;0.0681102601040019;0.025529336649544224;2.830608527750305;0.0;1.964568700407184;1.574200374096895
865;Inst_13;batallon cuarta brigada;1;Laureles Estadio;88.174.644.044.735;123.304.858.632.267;3;;;;;;;;;;
866;1411;los balsos no.1;1;El Poblado;140.362.602.249.133;5.917.759.665.107.520;0;los balsos no.1;0.011121942573555477;0.030424158910876176;0.86486815488738;0.07148263765411474;0.022103105974073715;46.05984906139017;1.177650973228889;21.74506595636733;24.18934050778542
867;1403;villa carlota;1;El Poblado;93.520.498.377.979;39.425.437.154.761;2;villa carlota;0.03581288869075286;0.043190996984936884;0.8413207917853169;0.052503851041655704;0.026479063546865196;2.830608527750305;0.0;1.964568700407184;1.574200374096895
868;108;el compromiso;1;Popular;71.906.152.910.025;117.549.039.453.966;1;el compromiso;0.2836243386243386;0.061005291005291014;0.5546296296296295;0.07074074074074074;0.029999999999999995;9.415931807436033;1.061539131828987;5.695241631299872;4.036894100001453
869;723;pajarito;1;Robledo;290.313.851.767.285;423.276.496.596.947;1;pajarito;0.0721326164874552;0.18758320532514078;0.4916282642089094;0.20399385560675878;0.04466205837173579;9.415931807436033;1.061539131828987;5.695241631299872;4.036894100001453
870;812;la libertad;1;Villa Hermosa;312.386.493.349.225;285.108.843.888.033;0;la libertad;0.1795751804428026;0.15523540592700685;0.44038418457049244;0.18881356750377024;0.035991661555928006;46.05984906139017;1.177650973228889;21.74506595636733;24.18934050778542
871;606;san martin de porres;1;Doce de Octubre;2.868.647.219.759.000;2.534.418.775.925;0;san martin de porres;0.16598608843916307;0.19512529518116747;0.4348121039678627;0.1549084754050893;0.04916803700671741;46.05984906139017;1.177650973228889;21.74506595636733;24.18934050778542
872;502;las brisas;1;Castilla;37.523.681.509.667;296.353.278.022.107;0;las brisas;0.06979435927709422;0.10194753521913197;0.6369926204438298;0.15398385087821526;0.03728163418172854;46.05984906139017;1.177650973228889;21.74506595636733;24.18934050778542
880;702;b. cerro el volador;1;Robledo;117.617.986.732.115;25.361.311.251.135.600;0;b. cerro el volador;0.0;0.0;1.0;0.0;0.0;46.05984906139017;1.177650973228889;21.74506595636733;24.18934050778542
874;601;santander;1;Doce de Octubre;41.406.861.173.944;32.819.252.233.791.800;0;santander;0.24133677918937518;0.19996710172430104;0.3910606825735366;0.1410117276415328;0.02662370887125445;46.05984906139017;1.177650973228889;21.74506595636733;24.18934050778542
875;1606;las playas;1;Belén;35.469.553.372.042;26.230.370.835.782.900;0;las playas;0.04614284945331968;0.08034701323528233;0.6970932390007929;0.1263910026971133;0.050025895613491835;46.05984906139017;1.177650973228889;21.74506595636733;24.18934050778542
876;107;san pablo;1;Popular;210.321.431.328.635;239.688.050.090.129;1;san pablo;0.27253627186089985;0.15739459032927522;0.3850363005448894;0.1317083589978826;0.05332447826705293;9.415931807436033;1.061539131828987;5.695241631299872;4.036894100001453
877;411;las esmeraldas;1;Aranjuez;15.283.072.639.451;194.841.247.628.285;0;las esmeraldas;0.17825382391945854;0.10845816882718912;0.5688848662295679;0.11169344224247849;0.03270969878130569;46.05984906139017;1.177650973228889;21.74506595636733;24.18934050778542
878;803;san miguel;1;Villa Hermosa;371.565.744.217.335;294.017.600.038.269;0;san miguel;0.07992020379661291;0.09866661491728268;0.6672268282132642;0.11077810702878972;0.043408246044050566;46.05984906139017;1.177650973228889;21.74506595636733;24.18934050778542
879;906;barrio caicedo;1;Buenos Aires;21.018.318.270.842;247.170.887.584.376;0;barrio caicedo;0.12154833966819169;0.11468836544176532;0.5651731571780494;0.14189944146286468;0.05669069624912898;46.05984906139017;1.177650973228889;21.74506595636733;24.18934050778542
881;720;santa margarita;1;Robledo;50.874.610.674.395;417.928.748.571.456;0;santa margarita;0.08106669316346735;0.22641073084621471;0.4760427744298712;0.16207399231592776;0.05440580924451893;46.05984906139017;1.177650973228889;21.74506595636733;24.18934050778542
882;1102;suramericana;1;Laureles Estadio;48.800.372.036.601;319.036.587.530.985;0;suramericana;0.04918936262809202;0.0576041812518084;0.7892158934801514;0.08289226484989065;0.020630789608664504;46.05984906139017;1.177650973228889;21.74506595636733;24.18934050778542
883;408;san pedro;1;Aranjuez;24.584.309.154.905;223.897.059.812.101;0;san pedro;0.1087122525280909;0.07892728675576373;0.6983783519850373;0.09633352701964795;0.016880532556314467;46.05984906139017;1.177650973228889;21.74506595636733;24.18934050778542
884;816;villa turbay;1;Villa Hermosa;247.840.166.072.335;242.928.314.130.918;1;villa turbay;0.13988095238095238;0.25297619047619047;0.3452380952380953;0.2619047619047619;0.0;9.415931807436033;1.061539131828987;5.695241631299872;4.036894100001453
885;1317;eduardo santos;1;San Javier;236.240.745.966.765;2.845.492.384.889.160;1;eduardo santos;0.08666666666666666;0.16733333333333333;0.44;0.248;0.057999999999999996;9.415931807436033;1.061539131828987;5.695241631299872;4.036894100001453
886;914;asomadera no.1;1;Buenos Aires;570.343.609.087.855;3.704.490.711.514.570;0;asomadera no.1;0.03449552548343685;0.06085918967915851;0.7783608692776668;0.07989925395315778;0.04638516160658027;46.05984906139017;1.177650973228889;21.74506595636733;24.18934050778542
887;903;bombona no.2;1;Buenos Aires;65.964.822.163.647;463.385.854.022.224;0;bombona no.2;0.10774540383548671;0.10515029845150686;0.5721114508902885;0.1545818243199148;0.06041102250280319;46.05984906139017;1.177650973228889;21.74506595636733;24.18934050778542
888;103;popular;1;Popular;446.896.208.867.635;4.313.397.080.062;0;popular;0.25744410611892676;0.1559744069186142;0.41502809960250064;0.13497486731369637;0.03389034800325123;46.05984906139017;1.177650973228889;21.74506595636733;24.18934050778542
889;311;la cruz;1;Manrique;600.546.214.588.905;419.028.002.575.363;0;la cruz;0.30095238095238097;0.12563492063492065;0.4224603174603175;0.08507936507936507;0.06587301587301587;46.05984906139017;1.177650973228889;21.74506595636733;24.18934050778542
890;703;san german;1;Robledo;569.370.872.511.655;45.580.970.183.461.400;0;san german;0.09178207448977024;0.06047429757273588;0.729523007253524;0.09035721124810465;0.027863409435865245;46.05984906139017;1.177650973228889;21.74506595636733;24.18934050778542
891;611;progreso no.2;1;Doce de Octubre;1.153.199.516.828;164.661.195.655.937;3;;;;;;;;;;
892;1014;las palmas;1;La Candelaria;322.941.482.440.405;305.796.988.999.031;0;las palmas;0.0756036480615134;0.09059985792240359;0.6658678167791748;0.11694920867055505;0.04957694402217365;46.05984906139017;1.177650973228889;21.74506595636733;24.18934050778542
893;1210;barrio cristobal;1;La América;23.635.406.292.401;218.817.455.538.499;0;barrio cristobal;0.07128892612763581;0.08062421449518223;0.7534352744030164;0.08927524088814412;0.005376344086021505;46.05984906139017;1.177650973228889;21.74506595636733;24.18934050778542
894;509;girardot;1;Castilla;512.886.075.765.095;35.571.212.651.155.800;0;girardot;0.09150671061616418;0.14556321693108834;0.5587581468036119;0.15380299352905774;0.05036893212007764;46.05984906139017;1.177650973228889;21.74506595636733;24.18934050778542
895;1415;los balsos no.2;1;El Poblado;486.359.757.325.685;294.653.419.687.818;1;los balsos no.2;0.02815113263255275;0.0260579411657215;0.8927301700809629;0.0416939983463997;0.011366757774363231;9.415931807436033;1.061539131828987;5.695241631299872;4.036894100001453
896;1114;los colores;1;Laureles Estadio;55.466.772.026.906;39.387.187.196.804.800;2;los colores;0.07668302939752471;0.12088822187075647;0.6145352702927499;0.14434894435222334;0.04267441905753864;2.830608527750305;0.0;1.964568700407184;1.574200374096895
897;403;palermo;1;Aranjuez;21.952.802.488.189;272.429.729.274.432;0;palermo;0.16802059847450845;0.10570030366894444;0.5689421809146168;0.11713388379322665;0.037898885683265986;46.05984906139017;1.177650973228889;21.74506595636733;24.18934050778542
898;1104;san joaquin;1;Laureles Estadio;32.839.441.169.202;244.807.016.548.268;0;san joaquin;0.06859894626592629;0.0424518649749476;0.7717033954715393;0.07761135618109807;0.0396344371064887;46.05984906139017;1.177650973228889;21.74506595636733;24.18934050778542
930;412;la piñuela;1;Aranjuez;217.252.308.441.005;217.410.557.560.282;3;la piñuela;0.13945362828190153;0.15148596396224476;0.5377229375094649;0.11567810747127635;0.055659362775112305;;;;
931;710;lopez de mesa;1;Robledo;199.916.521.262.545;23.268.785.790.275.800;0;lopez de mesa;0.09575820539261821;0.21281878541847665;0.4692121062828664;0.19044793325306283;0.0317629696529758;46.05984906139017;1.177650973228889;21.74506595636733;24.18934050778542
932;6009;yolombo;2;Corregimiento de San Cristóbal;418.324.921.824.634;9.412.562.453.795.600;1;yolombo;0.02631578947368421;0.02631578947368421;0.7017543859649122;0.1754385964912281;0.07017543859649122;9.415931807436033;1.061539131828987;5.695241631299872;4.036894100001453
934;6004;la cuchilla;2;Corregimiento de San Cristóbal;199.088.953.896.145;753.425.771.207.284;3;;;;;;;;;;
935;6017;suburbano el llano;2;Corregimiento de San Cristóbal;117.415.446.303.223;4.716.854.293.341.830;0;suburbano el llano;0.041666666666666664;0.10416666666666667;0.6875;0.08333333333333333;0.08333333333333333;46.05984906139017;1.177650973228889;21.74506595636733;24.18934050778542
936;1511;la colina;1;Guayabal;6.778.580.916.575;4.897.223.692.364.960;0;la colina;0.09874088115492581;0.1272855524032652;0.5889455266496926;0.1377623518945542;0.047265687897562116;46.05984906139017;1.177650973228889;21.74506595636733;24.18934050778542
937;1309;san javier no.1;1;San Javier;227.533.177.048.145;233.820.044.583.087;0;san javier no.1;0.12779630182658638;0.12653217426711272;0.5626820021882637;0.13343619178327992;0.04955332993475732;46.05984906139017;1.177650973228889;21.74506595636733;24.18934050778542
938;507;hector abad gomez;1;Castilla;240.129.938.677.105;270.410.420.787.783;0;hector abad gomez;0.0457997850819028;0.08652785406351793;0.6840568818399688;0.14019100004974416;0.043424478964866106;46.05984906139017;1.177650973228889;21.74506595636733;24.18934050778542
939;511;castilla;1;Castilla;55.260.173.020.799;297.113.936.524.143;2;castilla;0.12600068144348084;0.14197410184442166;0.5136409468929818;0.17100836466653896;0.04737590515257686;2.830608527750305;0.0;1.964568700407184;1.574200374096895
940;1117;florida nueva;1;Laureles Estadio;24.911.107.047.545;213.409.185.896.522;0;florida nueva;0.11201419848611185;0.05817942452260151;0.7177936390290991;0.08757685721464215;0.024435880747545425;46.05984906139017;1.177650973228889;21.74506595636733;24.18934050778542
941;1113;u.d. atanasio girardot;1;Laureles Estadio;363.921.533.611.075;263.708.567.775.624;0;u.d. atanasio girardot;0.09398860960549447;0.07879626563502583;0.6896314409378725;0.11561941588547668;0.021964267936130318;46.05984906139017;1.177650973228889;21.74506595636733;24.18934050778542
942;1319;el socorro;1;San Javier;182.432.444.133.965;279.480.452.695.841;0;el socorro;0.32126436781609197;0.15057471264367814;0.38045977011494253;0.1074712643678161;0.040229885057471264;46.05984906139017;1.177650973228889;21.74506595636733;24.18934050778542
943;310;versalles no.2;1;Manrique;248.042.933.997.145;29.434.960.108.469.600;1;versalles no.2;0.295;0.15611111111111112;0.41611111111111115;0.10777777777777778;0.025;9.415931807436033;1.061539131828987;5.695241631299872;4.036894100001453
944;1015;bombona no.1;1;La Candelaria;20.728.885.878.848;19.906.622.633.510.800;0;bombona no.1;0.06642493233770427;0.0481962499856072;0.7868581616505181;0.07388751551073398;0.024633140515436573;46.05984906139017;1.177650973228889;21.74506595636733;24.18934050778542
945;Inst_17;centro administrativo;1;La Candelaria;136.990.538.562.935;150.413.808.090.946;0;centro administrativo;0.0656972902703453;0.0783418457991513;0.7042173091508958;0.11372840737167116;0.03801514740793679;46.05984906139017;1.177650973228889;21.74506595636733;24.18934050778542
946;303;campo valdes no.2;1;Manrique;388.808.921.071.395;28.389.929.696.929.800;0;campo valdes no.2;0.21577766066900297;0.13360358323449864;0.4676847940298047;0.14225922652435732;0.04067473554233649;46.05984906139017;1.177650973228889;21.74506595636733;24.18934050778542
947;1604;granada;1;Belén;18.434.142.397.992;18.739.790.355.272.800;0;granada;0.09514798290587591;0.042100620987057746;0.7543640525879052;0.07689547948860842;0.03149186403055286;46.05984906139017;1.177650973228889;21.74506595636733;24.18934050778542
948;1615;los alpes;1;Belén;279.886.105.220.285;238.651.996.760.063;0;los alpes;0.09523355665495882;0.1033151250693446;0.6295657095991662;0.13552872621458456;0.036356882461945884;46.05984906139017;1.177650973228889;21.74506595636733;24.18934050778542
949;705;barrio facultad de minas;1;Robledo;28.465.523.984.285;750.585.688.167.531;0;barrio facultad de minas;0.0374407429185029;0.15124078039051736;0.5986834593609359;0.17859112009902112;0.03404389723102252;46.05984906139017;1.177650973228889;21.74506595636733;24.18934050778542
950;1208;campo alegre;1;La América;342.591.107.289.925;330.178.801.101.287;0;campo alegre;0.10809718054898236;0.10881248141381707;0.6206900566579994;0.1268879593303766;0.03551232204882459;46.05984906139017;1.177650973228889;21.74506595636733;24.18934050778542
951;1613;altavista;1;Belén;40.343.581.297.896;4.755.853.217.322.600;0;altavista;0.1632798679288243;0.07269014982487469;0.606999989258054;0.1261833043616725;0.030846688626574775;46.05984906139017;1.177650973228889;21.74506595636733;24.18934050778542
965;6015;las playas;2;Corregimiento de San Cristóbal;135.430.603.362.755;672.569.209.515.021;0;las playas;0.04614284945331968;0.08034701323528233;0.6970932390007929;0.1263910026971133;0.050025895613491835;46.05984906139017;1.177650973228889;21.74506595636733;24.18934050778542
908;1201;ferrini;1;La América;19.996.783.836.327;201.230.063.878.115;0;ferrini;0.09525568517504003;0.0831954783567687;0.6684761027502963;0.10379235459880622;0.049280379119088794;46.05984906139017;1.177650973228889;21.74506595636733;24.18934050778542
909;6008;la ilusion;2;Corregimiento de San Cristóbal;306.959.707.886.253;941.954.707.589.365;3;;;;;;;;;;
911;1005;estacion villa;1;La Candelaria;195.053.950.480.695;19.651.884.536.630.600;0;estacion villa;0.16780211715208154;0.07640014133445097;0.6465050049475357;0.08488686789487572;0.024405868671055965;46.05984906139017;1.177650973228889;21.74506595636733;24.18934050778542
912;503;florencia;1;Castilla;292.989.103.906.575;245.299.183.533.794;0;florencia;0.11957959217896298;0.17156964691045387;0.5406857343639525;0.12762537239716903;0.04053965414946139;46.05984906139017;1.177650973228889;21.74506595636733;24.18934050778542
913;Inst_3;cementerio universal;1;Castilla;94.191.127.116.955;14.861.952.830.881.100;1;cementerio universal;0.02528278173439464;0.09260475187894544;0.7101824251017801;0.15188395833557125;0.020046082949308756;9.415931807436033;1.061539131828987;5.695241631299872;4.036894100001453
914;712;aures no.2;1;Robledo;64.766.764.563.691;441.985.932.502.466;0;aures no.2;0.11482562919981235;0.259740944923512;0.3488293715461658;0.21129680665963935;0.06530724767087061;46.05984906139017;1.177650973228889;21.74506595636733;24.18934050778542
915;1302;blanquizal;1;San Javier;12.193.013.958.656;22.396.042.074.805.600;0;blanquizal;0.2053763440860215;0.12964669738863288;0.5103686635944701;0.09677419354838711;0.05783410138248848;46.05984906139017;1.177650973228889;21.74506595636733;24.18934050778542
916;804;la ladera;1;Villa Hermosa;54.296.203.366.461;4.409.544.806.455.370;1;la ladera;0.10666666666666667;0.12222222222222223;0.5733333333333335;0.17833333333333332;0.01944444444444444;9.415931807436033;1.061539131828987;5.695241631299872;4.036894100001453
917;915;asomadera no.2;1;Buenos Aires;657.291.320.583.355;4.250.176.032.185.170;0;asomadera no.2;0.013446661903884903;0.054472754459863604;0.7976083577108766;0.08534652183292103;0.049125704092453835;46.05984906139017;1.177650973228889;21.74506595636733;24.18934050778542
918;Inst_9;parque norte;1;Aranjuez;284.606.651.101.235;22.105.485.802.768;0;parque norte;0.09597318399500561;0.06780248988003905;0.7071859612806385;0.10309619680562455;0.025942168038692554;46.05984906139017;1.177650973228889;21.74506595636733;24.18934050778542
919;809;sucre;1;Villa Hermosa;340.196.337.112.535;262.367.044.043.928;0;sucre;0.10690002709118787;0.07382349424480204;0.6558506535808897;0.1245868809807193;0.03883894410240109;46.05984906139017;1.177650973228889;21.74506595636733;24.18934050778542
920;6001;la palma;2;Corregimiento de San Cristóbal;714.369.648.373.826;139.145.806.289.281;0;la palma;0.09663243670752035;0.09671722582047551;0.6681802566436856;0.10646801647142345;0.03200206435689509;46.05984906139017;1.177650973228889;21.74506595636733;24.18934050778542
921;8005;el astillero;2;Corregimiento de San Antonio de Prado;143.111.168.682.531;19.797.783.957.446.700;1;el astillero;0.0;0.0;1.0;0.0;0.0;9.415931807436033;1.061539131828987;5.695241631299872;4.036894100001453
922;8002;potrerito;2;Corregimiento de San Antonio de Prado;42.833.517.997.132;134.115.268.447.128;1;potrerito;0.2;0.0;0.8;0.0;0.0;9.415931807436033;1.061539131828987;5.695241631299872;4.036894100001453
923;AE1;area de expansion pajarito;2;Corregimiento de San Cristóbal;236.995.271.495.149;980.701.086.186.273;0;area de expansion pajarito;0.1221767800975735;0.17087912018770698;0.4723815514528743;0.1782599750055027;0.05522730443913798;46.05984906139017;1.177650973228889;21.74506595636733;24.18934050778542
924;AE7;area de expansion san antonio de prado;2;Corregimiento de San Antonio de Prado;867.148.094.503.065;73.221.909.809.157.700;0;area de expansion san antonio de prado;0.11206896551724138;0.04942528735632184;0.6344827586206896;0.12356321839080459;0.08045977011494253;46.05984906139017;1.177650973228889;21.74506595636733;24.18934050778542
925;6014;la loma ;2;Corregimiento de San Cristóbal;657.628.009.980.172;17.180.357.260.203;3;;;;;;;;;;
928;7003;el corazon el morro ;2;Corregimiento de Altavista;735.994.107.335.546;166.442.423.210.037;1;el corazon el morro ;0.39285714285714285;0.0;0.32142857142857145;0.14285714285714285;0.14285714285714285;9.415931807436033;1.061539131828987;5.695241631299872;4.036894100001453
929;301;la salle;1;Manrique;367.713.828.942.035;343.729.208.207.682;0;la salle;0.2770212779090453;0.12309805207783768;0.4253025791683006;0.12647946840631205;0.048098622438504435;46.05984906139017;1.177650973228889;21.74506595636733;24.18934050778542
933;6011;el picacho;2;Corregimiento de San Cristóbal;180.406.076.403.118;777.775.303.751.347;1;el picacho;0.20588235294117646;0.28431372549019607;0.3137254901960784;0.196078431372549;0.0;9.415931807436033;1.061539131828987;5.695241631299872;4.036894100001453
704;210;santa cruz;1;Santa Cruz;237.218.394.658.615;21.342.959.937.350.800;0;santa cruz;0.24589918146369755;0.09829519047260983;0.5090188395833557;0.12242042903333226;0.024366359447004608;46.05984906139017;1.177650973228889;21.74506595636733;24.18934050778542
746;201;la isla;1;Santa Cruz;213.093.710.767.695;316.712.121.244.825;0;la isla;0.3297281571475119;0.1084625052366988;0.37572266443234187;0.16260997067448685;0.023476702508960577;46.05984906139017;1.177650973228889;21.74506595636733;24.18934050778542
842;7001;buga patio bonito;2;Corregimiento de Altavista;414.622.904.809.505;829.353.481.891.618;1;buga patio bonito;0.10151515151515152;0.018181818181818184;0.6234848484848484;0.14545454545454548;0.11136363636363637;9.415931807436033;1.061539131828987;5.695241631299872;4.036894100001453
873;819;villa lilliam;1;Villa Hermosa;155.173.854.554.405;287.247.234.237.395;0;villa lilliam;0.2902457757296467;0.1671530977982591;0.31088069636456733;0.17411674347158215;0.057603686635944694;46.05984906139017;1.177650973228889;21.74506595636733;24.18934050778542
952;5002;la sucia;2;Corregimiento de San Sebastián de Palmitas;262.257.257.163.864;10.314.587.808.158.100;3;;;;;;;;;;
953;5007;la aldea;2;Corregimiento de San Sebastián de Palmitas;19.678.935.107.271;6.192.286.482.367.220;3;;;;;;;;;;
954;5006;la frisola;2;Corregimiento de San Sebastián de Palmitas;881.336.700.175.788;192.389.285.818.177;3;;;;;;;;;;
955;5005;volcana guayabal;2;Corregimiento de San Sebastián de Palmitas;108.934.280.514.706;214.511.047.753.773;1;volcana guayabal;0.0;0.0;0.0;1.0;0.0;9.415931807436033;1.061539131828987;5.695241631299872;4.036894100001453
956;5001;la suiza ;2;Corregimiento de San Sebastián de Palmitas;131.616.026.938.544;216.874.013.859.619;3;;;;;;;;;;
957;6007;san jose de la montana;2;Corregimiento de San Cristóbal;382.932.689.065.533;9.239.167.740.850.390;3;;;;;;;;;;
958;6005;naranjal;2;Corregimiento de San Cristóbal;197.179.697.463.222;721.685.530.182.702;2;naranjal;0.0549067728986751;0.06625627096563995;0.758360998592246;0.09650869366873145;0.023967263874707444;2.830608527750305;0.0;1.964568700407184;1.574200374096895
959;9003;piedras blancas represa;2;Corregimiento de Santa Elena;222.358.679.445.673;34.085.112.012.430.000;1;piedras blancas represa;0.0;0.3333333333333333;0.5;0.16666666666666666;0.0;9.415931807436033;1.061539131828987;5.695241631299872;4.036894100001453
960;6012;pajarito;2;Corregimiento de San Cristóbal;102.946.812.116.003;708.473.832.646.755;1;pajarito;0.0721326164874552;0.18758320532514078;0.4916282642089094;0.20399385560675878;0.04466205837173579;9.415931807436033;1.061539131828987;5.695241631299872;4.036894100001453
961;6003;el uvito;2;Corregimiento de San Cristóbal;174.317.241.156.106;7.387.361.682.106.640;1;el uvito;0.0;0.0;1.0;0.0;0.0;9.415931807436033;1.061539131828987;5.695241631299872;4.036894100001453
962;6016;travesias;2;Corregimiento de San Cristóbal;153.356.171.253.483;635.105.273.148.829;1;travesias;0.0;0.0;1.0;0.0;0.0;9.415931807436033;1.061539131828987;5.695241631299872;4.036894100001453
963;6013;pedregal alto;2;Corregimiento de San Cristóbal;307.098.078.190.231;979.745.161.606.975;1;pedregal alto;0.06666666666666667;0.26466666666666666;0.32466666666666666;0.3026666666666667;0.041333333333333326;9.415931807436033;1.061539131828987;5.695241631299872;4.036894100001453
964;6002;el patio;2;Corregimiento de San Cristóbal;306.387.479.106.432;105.419.651.899.468;3;;;;;;;;;;
966;AE2;area de expansion san cristobal;2;Corregimiento de San Cristóbal;721.793.729.492.545;506.798.995.054.964;3;;;;;;;;;;
967;AE3;eduardo santos;2;Corregimiento de San Cristóbal;50.997.863.879.805;18.671.228.662.752.900;1;eduardo santos;0.08666666666666666;0.16733333333333333;0.44;0.248;0.057999999999999996;9.415931807436033;1.061539131828987;5.695241631299872;4.036894100001453
968;AE5;area de expansion altavista;2;Corregimiento de Altavista;18.781.066.141.098;27.963.452.013.687;1;area de expansion altavista;0.22345679012345682;0.21666666666666665;0.4672839506172839;0.06481481481481481;0.027777777777777776;9.415931807436033;1.061539131828987;5.695241631299872;4.036894100001453
969;AE6;area de expansion belen rincon;2;Corregimiento de Altavista;33.274.403.974.428;419.666.563.044.331;1;area de expansion belen rincon;0.07142857142857142;0.0;0.8333333333333333;0.09523809523809523;0.0;9.415931807436033;1.061539131828987;5.695241631299872;4.036894100001453
970;AUC1;cabecera urbana san cristobal;2;Corregimiento de San Cristóbal;76.060.598.186.738;687.059.470.441.695;0;cabecera urbana san cristobal;0.19017365429391112;0.16009739764557154;0.44555067525178277;0.16169611900244907;0.04248215380628551;46.05984906139017;1.177650973228889;21.74506595636733;24.18934050778542
971;7007;san jose del manzanillo;2;Corregimiento de Altavista;207.260.758.295.724;11.999.377.270.052;3;;;;;;;;;;
972;1510;guayabal;1;Guayabal;747.197.185.348.065;4.132.516.705.708.320;2;guayabal;0.05805890234990476;0.06837659594140348;0.7443824845065055;0.09461102276314734;0.03457099443903886;2.830608527750305;0.0;1.964568700407184;1.574200374096895
973;9006;santa elena sector central;2;Corregimiento de Santa Elena;322.902.422.886.897;9.166.073.910.589.170;3;;;;;;;;;;
910;709;cordoba;1;Robledo;23.487.039.173.822;2.699.889.111.945.860;0;cordoba;0.10331516216962286;0.1859614412192219;0.5105775408998797;0.16769031924558153;0.03245553646569395;46.05984906139017;1.177650973228889;21.74506595636733;24.18934050778542
926;8004;yarumalito;2;cabecera san antonio de prado;176.709.657.927.324;28.170.981.871.454.500;1;yarumalito;0.0;0.0;0.0;0.0;1.0;9.415931807436033;1.061539131828987;5.695241631299872;4.036894100001453
927;9011;mazo;2;Corregimiento de Santa Elena;501.225.062.905.938;11.003.419.492.988.800;3;;;;;;;;;;
