OBJECTID;CODIGO;NOMBRE;SUBTIPO_BA;NOMBRE_COM;SHAPEAREA;SHAPELEN;CLUSTER
661;1422;la aguacatala;1;El Poblado;62.209.015.610.524;330.265.805.243.148;2
662;810;el pinal;1;Villa Hermosa;413.416.804.617.475;327.157.455.337.274;1
663;719;fuente clara;1;Robledo;236.441.173.402.975;30.223.376.578.443;1
664;102;santo domingo sabio no.2;1;Popular;26.475.045.245.083;294.370.765.447.313;1
665;302;las granjas;1;Manrique;6.413.492.750.235;396.470.230.586.524;1
666;902;barrios de jesus;1;Buenos Aires;442.235.667.275.605;375.462.415.027.398;1
667;Inst_16;la alpujarra;1;La Candelaria;316.458.787.375.535;252.419.319.322.781;1
668;1008;corazon de jesus;1;La Candelaria;33.023.970.268.336;239.420.528.069.805;2
669;907;buenos aires;1;Buenos Aires;29.316.443.067.628;235.796.347.375.624;0
670;501;toscana;1;Castilla;29.005.395.460.347;257.400.441.672.397;1
671;1203;los pinos;1;La América;23.299.755.143.503;20.188.965.216.006.600;1
672;911;gerona;1;Buenos Aires;249.124.845.537.955;22.580.949.395.614.300;0
676;1609;la hondonada;1;Belén;462.119.349.110.795;4.476.375.031.847.240;0
677;806;llanaditas;1;Villa Hermosa;320.557.553.129.565;36.113.385.873.535;0
680;913;loreto;1;Buenos Aires;666.996.621.529.295;38.161.752.724.694.800;1
681;609;picachito;1;Doce de Octubre;123.730.748.112.665;19.584.932.988.370.300;0
673;1212;santa teresita;1;La América;31.765.917.366.041;334.072.866.198.805;0
674;513;francisco antonio zea;1;Castilla;233.064.848.602.055;22.570.108.407.296.300;0
675;1608;la mota;1;Belén;50.824.032.532.292;435.166.542.823.011;1
678;1315;nuevos conquistadores;1;San Javier;22.423.734.609.310.000;253.939.549.264.383;1
679;1204;la america;1;La América;35.844.104.256.529;331.166.048.133.769;1
682;415;miranda;1;Aranjuez;230.378.299.048.405;235.993.972.587.716;1
683;Inst_14;u.d. atanasio girardot;1;Laureles Estadio;41.779.653.938.985;3.340.183.293.805.580;1
684;1421;patio bonito;1;El Poblado;72.905.606.802.979;410.213.288.376.399;1
689;1413;el diamante no.2;1;El Poblado;66.103.427.470.397;37.422.905.190.154.200;1
690;1618;nueva villa del aburra;1;Belén;188.599.469.565.485;225.067.137.799.902;3
691;207;villa del socorro;1;Santa Cruz;229.628.060.828.555;25.504.182.465.483;1
692;811;trece de noviembre;1;Villa Hermosa;17.390.223.243.186;247.487.103.662.388;0
693;602;doce de octubre no.1;1;Doce de Octubre;43.628.250.898.358;3.074.309.785.369.920;1
694;1611;la loma de los bernal;1;Belén;48.503.368.102.197;39.866.542.612.782.100;1
695;901;juan pablo ii;1;Buenos Aires;75.047.226.330.735;20.183.180.977.280.100;0
696;715;villa flora;1;Robledo;25.077.910.248.598;215.165.053.952.776;0
697;1502;tenche;1;Guayabal;230.563.654.434.145;209.915.007.469.117;1
685;308;manrique oriental;1;Manrique;37.329.155.937.477;300.409.624.898.983;1
686;110;la esperanza no.2;1;Popular;67.338.260.559.075;12.996.741.385.346.300;1
687;604;pedregal;1;Doce de Octubre;5.810.571.775.886;36.254.419.834.597.200;1
688;1001;prado;1;La Candelaria;624.440.241.931.445;34.610.689.564.464.300;2
723;413;aranjuez;1;Aranjuez;36.113.851.094.988;25.570.834.504.281;1
724;307;manrique central no.2;1;Manrique;2.409.034.686.109;261.945.817.811.677;1
725;814;san antonio;1;Villa Hermosa;15.212.280.562.556;29.693.414.172.851.000;0
726;1610;el rincon;1;Belén;662.338.313.780.955;5.063.386.280.556.670;1
727;SN01;sin nombre;1;;526.126.526.212.035;133.315.978.186.361;3
728;1202;calasanz;1;La América;313.244.286.542.315;233.537.641.008.994;1
729;404;bermejal - los alamos;1;Aranjuez;159.810.329.342.175;19.440.260.810.433.100;1
730;1003;jesus nazareno;1;La Candelaria;30.518.755.921.968;262.760.113.400.574;2
731;917;ocho de marzo;1;Buenos Aires;5.806.927.346.124;152.765.307.522.304;1
698;1601;fatima;1;Belén;43.465.369.539.652;268.745.721.781.377;1
699;Inst_2;oleoducto;1;Castilla;28.817.660.522.474;25.029.482.297.262.600;1
700;505;boyaca;1;Castilla;25.639.889.420.215;25.959.714.664.027;1
701;109;aldea pablo vi;1;Popular;71.663.800.670.335;158.116.527.611.615;1
702;801;villa hermosa;1;Villa Hermosa;393.468.101.207;328.630.375.620.349;1
703;1406;las lomas no.1;1;El Poblado;48.614.504.934.742;29.889.343.561.306.800;0
705;1312;betania;1;San Javier;34.907.387.159.039;435.211.863.271.419;1
706;607;kennedy;1;Doce de Octubre;49.094.304.993.177;29.760.392.201.999.200;1
707;1504;santa fe;1;Guayabal;102.508.501.768.489;565.888.285.222.672;2
708;Inst_4;terminal de transporte;1;Castilla;215.849.362.104.375;200.572.134.286.406;2
709;Inst_5;barrio facultad de minas;1;Robledo;243.885.301.847.115;278.104.581.556.016;1
710;211;la rosa;1;Santa Cruz;16.618.141.510.357;232.801.350.025.547;1
711;1409;suburbano el tesoro;1;El Poblado;117.485.207.926.077;585.797.106.615.629;0
712;724;monteclaro;1;Robledo;429.504.630.484.525;347.686.168.394.413;0
713;802;la mansion;1;Villa Hermosa;24.660.362.863.866;220.213.986.579.537;0
641;Inst_15;u.p.b.;1;Laureles Estadio;216.528.298.225.885;187.214.966.332.678;1
642;Inst_18;cerro nutibara;1;Belén;399.181.972.171.245;28.403.577.695.154.800;1
643;610;mirador del doce;1;Doce de Octubre;648.257.526.395;133.638.239.227.994;1
644;1620;el nogal - los almendros;1;Belén;248.378.348.640.765;3.072.150.377.860.080;1
645;612;el triunfo;1;Doce de Octubre;117.075.026.323.775;173.004.422.781.281;0
646;808;enciso;1;Villa Hermosa;335.273.348.876.105;335.566.300.305.241;1
647;605;la esperanza;1;Doce de Octubre;40.538.273.022.165;271.123.314.688.593;1
648;815;las estancias;1;Villa Hermosa;30.201.214.053.153;506.409.455.441.831;1
649;203;pablo vi;1;Santa Cruz;7.773.938.690.625;140.603.301.032.162;1
650;Inst_7;b. cerro  el volador;1;Robledo;911.215.960.972.345;530.691.915.442.229;1
651;309;versalles no.1;1;Manrique;369.634.341.225.225;282.815.712.608.758;1
652;1408;altos del poblado;1;El Poblado;91.095.066.003.901;526.359.682.377.872;1
653;Inst_8;universidad nacional;1;Robledo;482.979.351.932.975;286.518.412.666.299;2
654;711;el diamante;1;Robledo;37.548.578.284.926;271.142.739.527.907;1
655;716;palenque;1;Robledo;382.414.167.556.665;41.549.515.083.829;1
656;1401;barrio colombia;1;El Poblado;40.168.105.832.273;28.496.649.408.796.300;1
657;1602;rosales;1;Belén;605.072.402.433.695;32.719.081.634.431.600;1
658;5003;urquita;2;Corregimiento de San Sebastián de Palmitas;554.935.660.023.795;165.936.739.083.859;3
659;5008;potrera miserenga;2;Corregimiento de San Sebastián de Palmitas;526.737.937.227.903;129.150.393.920.984;3
660;1507;campo amor;1;Guayabal;103.705.761.263.915;42.748.227.225.337;2
714;1417;la florida;1;El Poblado;767.666.054.557.015;40.652.356.458.749;1
715;1607;diego echavarria;1;Belén;31.783.253.461.885;293.772.653.821.203;1
716;1304;los alcazares;1;San Javier;272.545.859.055.815;293.885.385.249.044;1
717;410;campo valdes no.1;1;Aranjuez;372.180.945.070.915;266.732.320.269.488;1
718;514;lopez de mesa;1;Castilla;354.326.109.368.625;311.920.889.064.258;1
719;722;olaya herrera;1;Robledo;42.151.290.969.721;429.926.275.914.451;1
720;Inst_6;facultad veterinaria y zootecnia u.de.a.;1;Robledo;110.127.882.017.915;175.476.239.036.126;0
721;1420;astorga;1;El Poblado;22.221.642.242.836;200.548.208.157.053;0
722;517;caribe;1;Castilla;60.138.235.926.711;349.927.909.005.388;2
750;1313;el corazon;1;San Javier;203.072.385.480.205;326.643.803.869.284;1
751;1011;calle nueva;1;La Candelaria;22.917.217.681.194;22.975.803.124.438.600;1
752;204;la frontera;1;Santa Cruz;16.257.693.917.409;184.346.846.476.465;1
753;504;tejelo;1;Castilla;42.303.730.812.235;343.480.193.725.032;1
754;1111;lorena;1;Laureles Estadio;410.861.402.649.785;33.405.172.128.836.100;1
755;205;la francia;1;Santa Cruz;3.418.086.986.469;298.229.374.719.609;0
756;Inst_1;plaza de ferias;1;Castilla;33.927.959.712.522;262.552.464.248.744;1
757;908;miraflores;1;Buenos Aires;29.110.928.555.398;249.670.662.959.352;1
758;1017;los angeles;1;La Candelaria;237.106.228.861.835;242.455.623.535.478;1
759;1416;alejandria;1;El Poblado;432.152.307.971.235;277.470.623.075.445;1
760;1305;metropolitano;1;San Javier;106.982.478.582.215;15.869.184.326.936.900;0
761;1115;cuarta brigada;1;Laureles Estadio;272.442.063.616.065;245.880.359.294.174;1
762;1109;las acacias;1;Laureles Estadio;341.239.058.165.215;266.355.430.935.274;1
763;1410;los naranjos;1;El Poblado;965.370.623.005.105;521.960.835.291.891;1
764;713;aures no.1;1;Robledo;76.195.444.918.122;4.268.565.093.950.320;1
765;909;cataluña;1;Buenos Aires;472.280.019.417.555;45.804.999.373.216.200;3
766;SN02;sin nombre;2;;13.277.138.452.177;760.302.167.161.419;3
767;112;carpinelo;1;Popular;361.946.638.168.805;29.523.248.072.147.300;1
768;206;andalucia;1;Santa Cruz;22.821.281.915.298;240.719.552.277.179;1
769;1110;la castellana;1;Laureles Estadio;69.666.279.523.444;439.565.802.099.898;1
770;405;moravia;1;Aranjuez;482.535.265.050.525;38.578.452.949.510.400;1
771;1006;san benito;1;La Candelaria;493.350.648.462.135;329.446.918.150.266;2
772;1101;carlos e. restrepo;1;Laureles Estadio;4.498.951.760.308;337.795.860.180.185;2
773;717;robledo;1;Robledo;446.970.267.277.795;418.848.818.686.097;1
774;1307;juan xxiii la quiebra;1;San Javier;224.937.292.015.955;289.335.136.500.871;1
732;1311;belencito;1;San Javier;368.036.679.090.055;332.147.264.358.488;1
733;1621;cerro nutibara;1;Belén;135.109.137.336.775;199.557.776.528.112;1
734;1211;simon bolivar;1;La América;291.448.410.718.815;239.152.757.498.716;1
735;718;cucaracho;1;Robledo;62.566.015.702.287;50.681.341.899.553;1
736;Inst_11;universidad de antioquia;1;Aranjuez;312.368.607.759.965;225.462.255.698.184;1
737;1308;san javier no.2;1;San Javier;151.082.916.161.355;17.668.625.381.548.600;1
738;414;brasilia;1;Aranjuez;327.324.575.347.325;268.065.323.665.492;1
739;1107;bolivariana;1;Laureles Estadio;32.099.988.088.899;27.983.535.441.785.100;1
740;401;berlin;1;Aranjuez;30.019.510.574.933;23.395.505.704.266.600;1
741;1112;el velodromo;1;Laureles Estadio;367.628.559.355.705;2.969.379.852.095.080;1
742;1209;santa monica;1;La América;355.860.076.319.765;283.776.035.558.101;1
743;1603;belen;1;Belén;53.493.270.886.064;432.291.667.537.154;2
744;306;el pomar;1;Manrique;15.793.495.587.486;197.895.421.654.792;1
745;312;oriente;1;Manrique;41.225.012.690.138;321.920.618.019.391;1
747;817;la sierra;1;Villa Hermosa;212.262.654.642.775;24.423.567.871.022;0
748;313;maria cano-carambolas;1;Manrique;35.291.944.954.853;29.935.819.589.916.800;3
749;706;la pilarica;1;Robledo;30.417.922.013.851;3.153.709.481.357;1
818;Inst_20;el rodeo;1;Guayabal;741.103.366.202.635;37.862.227.884.328.700;1
819;910;la milagrosa;1;Buenos Aires;19.968.790.552.677;22.406.107.272.191.500;1
820;1414;el castillo;1;El Poblado;722.753.889.621.535;376.055.063.914.483;1
821;314;san jose la cima no.1;1;Manrique;1.554.759.634.813;21.579.385.107.643.300;1
822;305;el raizal;1;Manrique;297.960.739.602.475;291.742.404.293.925;1
823;106;villa guadalupe;1;Popular;23.861.023.491.360.000;24.885.107.887.792;1
824;1418;el poblado;1;El Poblado;261.432.505.314.425;273.944.409.929.485;1
825;1503;trinidad;1;Guayabal;67.970.751.400.858;4.372.673.080.978.130;1
775;1310;veinte de julio;1;San Javier;381.831.585.151.545;38.512.739.559.513.500;1
776;708;altamira;1;Robledo;36.726.483.258.129;288.443.009.288.182;1
777;Inst_12;hospital san vicente de paul;1;La Candelaria;86.561.760.806.495;122.868.690.290.803;0
778;1407;las lomas no.2;1;El Poblado;33.575.346.668.247;27.607.121.287.191.300;0
779;510;tricentenario;1;Castilla;42.063.829.528.584;289.730.576.139.125;1
780;208;villa niza;1;Santa Cruz;14.321.546.467.293;16.973.040.271.570.500;1
781;1108;laureles;1;Laureles Estadio;707.014.331.364.375;384.711.163.812.493;1
782;1303;santa rosa de lima;1;San Javier;139.971.033.117.545;215.895.467.157.008;1
783;1206;santa lucia;1;La América;27.591.374.884.088;304.870.366.313.463;1
784;1205;la floresta;1;La América;42.257.188.811.336;273.422.364.748.133;1
785;1617;las mercedes;1;Belén;376.395.734.635.055;33.466.321.025.396.600;0
786;1016;boston;1;La Candelaria;535.705.975.924.235;3.120.281.428.830.200;2
787;725;nueva villa de la iguana;1;Robledo;6.502.671.846.924;183.874.040.598.444;1
788;905;alejandro echavarria;1;Buenos Aires;36.541.787.761.532;388.416.549.755.101;1
789;608;picacho;1;Doce de Octubre;41.624.696.250.736;381.688.465.486.201;1
790;105;moscu no.2;1;Popular;282.168.260.220.565;242.045.293.836.711;1
791;101;santo domingo sabio no.1;1;Popular;56.124.765.978.179;359.670.058.382.423;1
792;1207;el danubio;1;La América;21.206.227.811.854;233.179.965.149.965;1
793;111;la avanzada;1;Popular;276.605.816.234.615;28.911.277.676.951.100;0
794;1012;perpetuo socorro;1;La Candelaria;64.020.610.762.827;37.116.397.417.133.500;2
795;1412;san lucas;1;El Poblado;12.283.457.995.688;51.078.572.187.613;1
796;9002;media luna;2;Corregimiento de Santa Elena;944.454.536.651.997;17.115.671.969.141.200;0
797;9004;barro blanco;2;Corregimiento de Santa Elena;311.798.304.922.358;9.731.524.435.946.420;3
798;9010;piedra gorda;2;Corregimiento de Santa Elena;30.160.887.158.133;9.814.233.031.609.820;0
799;7004;san pablo;2;Corregimiento de Altavista;324.900.602.081.013;114.376.496.026.608;0
800;1213;calasanz parte alta;1;La América;4.142.623.181.696;412.980.006.754.114;1
801;7002;aguas frias;2;Corregimiento de Altavista;335.988.405.708.032;81.148.360.899.151;0
802;202;el playon de los comuneros;1;Santa Cruz;20.537.868.668.122;353.591.710.058.744;1
803;1004;el chagualo;1;La Candelaria;36.647.913.024.943;251.465.862.125.504;2
804;1509;cristo rey;1;Guayabal;75.952.200.286.878;417.439.485.363.806;2
805;1105;los conquistadores;1;Laureles Estadio;683.261.011.765.335;38.245.405.159.341.100;2
806;916;asomadera no.3;1;Buenos Aires;17.092.983.563.599;239.647.579.756.125;1
807;1612;la gloria;1;Belén;611.237.912.314.105;38.632.960.092.348.000;1
808;1301;el pesebre;1;San Javier;22.177.933.430.866;35.197.712.354.061.800;1
809;1405;lalinde;1;El Poblado;230.059.428.806.635;227.420.951.534.179;0
810;409;manrique central no.1;1;Aranjuez;355.580.323.298.175;26.908.261.234.079;1
811;1314;las independencias;1;San Javier;254.173.180.083.085;2.308.346.433.779.780;0
812;Inst_19;parque juan pablo ii;1;Guayabal;139.066.321.906.791;668.646.471.735.514;1
813;209;moscu no.1;1;Santa Cruz;19.082.094.920.967;223.722.975.912.052;0
814;707;bosques de san pablo;1;Robledo;26.314.698.567.497;295.210.562.467.034;1
815;807;los mangos;1;Villa Hermosa;467.256.772.299.905;33.850.845.591.811.600;1
816;904;los cerros el vergel;1;Buenos Aires;3.169.398.965.916;276.417.985.528.389;1
817;1619;miravalle;1;Belén;164.413.641.328.895;18.670.354.001.786.800;0
840;8006;el salado ;2;Corregimiento de San Antonio de Prado;732.651.418.429.035;176.833.229.965.647;0
841;9001;las palmas;2;Corregimiento de Santa Elena;158.981.012.827.413;290.780.609.718.075;1
843;7006;la esperanza;2;Corregimiento de Altavista;204.075.748.214.582;7.248.605.501.384.920;1
845;9009;suburbano el plan;2;Corregimiento de Santa Elena;617.548.881.472.347;125.566.817.368.761;0
846;7008;el jardin;2;Corregimiento de Altavista;290.780.772.020.147;835.172.603.947.121;3
847;9008;el llano se;2;Corregimiento de Santa Elena;211.797.688.220.976;6.609.423.524.612;0
848;8007;la verde ;2;Corregimiento de San Antonio de Prado;669.463.785.614.658;131.282.937.643.219;0
851;AUC2;san antonio de prado;2;Corregimiento de San Antonio de Prado;377.984.691.281.294;165.588.795.235.376;3
849;9007;el cerro;2;Corregimiento de Santa Elena;183.660.414.706.758;649.035.911.839.901;3
850;8003;montanita ;2;Corregimiento de San Antonio de Prado;233.244.501.209.805;10.390.905.605.019.300;3
861;1020;san diego;1;La Candelaria;70.831.925.743.507;481.819.650.978.404;2
862;1316;el salado;1;San Javier;4.386.335.900.552.990;41.393.804.661.856;0
852;8001;la florida;2;Corregimiento de San Antonio de Prado;281.904.318.425.353;857.173.829.331.501;1
853;8008;san jose;2;Corregimiento de San Antonio de Prado;381.443.040.308.745;34.310.385.473.418;3
854;5004;palmitas sector central;2;Corregimiento de San Sebastián de Palmitas;951.707.784.458.133;16.190.811.110.626.300;0
855;6006;boqueron;2;Corregimiento de San Cristóbal;558.407.272.279.345;111.401.880.330.411;3
856;6010;el carmelo;2;Corregimiento de San Cristóbal;103.541.026.402.104;475.725.872.011.147;3
857;AE4;area de expansion el noral;1;Corregimiento de Altavista;142.770.750.710.765;252.061.916.606.586;3
858;1616;las violetas;1;Belén;59.853.876.719.765;568.170.659.523.549;1
859;1423;santa maria de los angeles;1;El Poblado;55.837.560.316.968;33.072.473.576.238;1
860;1306;la pradera;1;San Javier;35.093.426.818.516;308.908.240.624.927;1
826;1614;la palma;1;Belén;334.168.596.434.695;24.770.135.832.168.300;1
827;1103;naranjal;1;Laureles Estadio;446.352.104.869.175;293.197.785.469.477;2
828;603;doce de octubre no.2;1;Doce de Octubre;39.823.881.747.724;33.444.213.119.975.200;1
829;104;granizal;1;Popular;244.834.686.465.675;288.594.979.720.734;1
830;1605;san bernardo;1;Belén;56.785.804.491.129;359.996.733.676.046;1
831;912;el salvador;1;Buenos Aires;354.795.462.176.965;333.464.271.763.545;1
832;407;sevilla;1;Aranjuez;270.255.504.362.945;204.409.867.413.256;1
833;304;santa ines;1;Manrique;34.829.949.468.915;260.175.972.273.744;1
834;519;el progreso;1;Castilla;40.760.322.458.145;270.574.333.024.017;2
835;1404;castropol;1;El Poblado;606.172.237.765.595;39.582.578.227.646.400;1
836;508;belalcazar;1;Castilla;16.652.170.461.015;18.884.357.100.251.000;1
837;1007;guayaquil;1;La Candelaria;31.820.142.036.657;255.379.601.478.728;2
838;9005;el placer;2;Corregimiento de Santa Elena;204.170.300.438.372;6.436.194.733.723.790;3
839;7005;altavista sector central;2;Corregimiento de Altavista;292.538.218.970.776;12.918.315.132.286.000;1
899;1019;la candelaria;1;La Candelaria;64.922.865.715.375;36.135.279.370.995.200;2
900;1419;manila;1;El Poblado;27.413.867.547.539;245.474.746.678.721;2
901;805;batallon girardot;1;Villa Hermosa;32.398.293.698.929.900;384.867.440.086.955;0
902;813;villatina;1;Villa Hermosa;406.625.431.682.805;533.610.670.016.524;1
903;1013;barrio colon;1;La Candelaria;35.818.795.726.553;34.263.573.361.040.800;2
904;Inst_10;jardin botanico;1;Aranjuez;159.710.692.620.645;16.350.986.186.731.300;1
905;402;san isidro;1;Aranjuez;432.192.245.897.615;290.508.504.066.385;1
906;315;san jose la cima no.2;1;Manrique;14.161.501.838.908;16.412.764.688.784.100;0
907;1318;antonio nariño;1;San Javier;39.383.985.467.535;35.955.372.955.444.300;3
863;714;bello horizonte;1;Robledo;18.684.525.205.997;20.897.651.220.867.400;1
864;1018;villa nueva;1;La Candelaria;300.243.060.484.715;234.105.522.640.714;2
865;Inst_13;batallon cuarta brigada;1;Laureles Estadio;88.174.644.044.735;123.304.858.632.267;3
866;1411;los balsos no.1;1;El Poblado;140.362.602.249.133;5.917.759.665.107.520;1
867;1403;villa carlota;1;El Poblado;93.520.498.377.979;39.425.437.154.761;2
868;108;el compromiso;1;Popular;71.906.152.910.025;117.549.039.453.966;0
869;723;pajarito;1;Robledo;290.313.851.767.285;423.276.496.596.947;0
870;812;la libertad;1;Villa Hermosa;312.386.493.349.225;285.108.843.888.033;1
871;606;san martin de porres;1;Doce de Octubre;2.868.647.219.759.000;2.534.418.775.925;1
872;502;las brisas;1;Castilla;37.523.681.509.667;296.353.278.022.107;1
880;702;b. cerro el volador;1;Robledo;117.617.986.732.115;25.361.311.251.135.600;1
874;601;santander;1;Doce de Octubre;41.406.861.173.944;32.819.252.233.791.800;1
875;1606;las playas;1;Belén;35.469.553.372.042;26.230.370.835.782.900;1
876;107;san pablo;1;Popular;210.321.431.328.635;239.688.050.090.129;0
877;411;las esmeraldas;1;Aranjuez;15.283.072.639.451;194.841.247.628.285;1
878;803;san miguel;1;Villa Hermosa;371.565.744.217.335;294.017.600.038.269;1
879;906;barrio caicedo;1;Buenos Aires;21.018.318.270.842;247.170.887.584.376;1
881;720;santa margarita;1;Robledo;50.874.610.674.395;417.928.748.571.456;1
882;1102;suramericana;1;Laureles Estadio;48.800.372.036.601;319.036.587.530.985;1
883;408;san pedro;1;Aranjuez;24.584.309.154.905;223.897.059.812.101;1
884;816;villa turbay;1;Villa Hermosa;247.840.166.072.335;242.928.314.130.918;0
885;1317;eduardo santos;1;San Javier;236.240.745.966.765;2.845.492.384.889.160;0
886;914;asomadera no.1;1;Buenos Aires;570.343.609.087.855;3.704.490.711.514.570;1
887;903;bombona no.2;1;Buenos Aires;65.964.822.163.647;463.385.854.022.224;1
888;103;popular;1;Popular;446.896.208.867.635;4.313.397.080.062;1
889;311;la cruz;1;Manrique;600.546.214.588.905;419.028.002.575.363;1
890;703;san german;1;Robledo;569.370.872.511.655;45.580.970.183.461.400;1
891;611;progreso no.2;1;Doce de Octubre;1.153.199.516.828;164.661.195.655.937;3
892;1014;las palmas;1;La Candelaria;322.941.482.440.405;305.796.988.999.031;1
893;1210;barrio cristobal;1;La América;23.635.406.292.401;218.817.455.538.499;1
894;509;girardot;1;Castilla;512.886.075.765.095;35.571.212.651.155.800;1
895;1415;los balsos no.2;1;El Poblado;486.359.757.325.685;294.653.419.687.818;0
896;1114;los colores;1;Laureles Estadio;55.466.772.026.906;39.387.187.196.804.800;2
897;403;palermo;1;Aranjuez;21.952.802.488.189;272.429.729.274.432;1
898;1104;san joaquin;1;Laureles Estadio;32.839.441.169.202;244.807.016.548.268;1
930;412;la piñuela;1;Aranjuez;217.252.308.441.005;217.410.557.560.282;3
931;710;lopez de mesa;1;Robledo;199.916.521.262.545;23.268.785.790.275.800;1
932;6009;yolombo;2;Corregimiento de San Cristóbal;418.324.921.824.634;9.412.562.453.795.600;0
934;6004;la cuchilla;2;Corregimiento de San Cristóbal;199.088.953.896.145;753.425.771.207.284;3
935;6017;suburbano el llano;2;Corregimiento de San Cristóbal;117.415.446.303.223;4.716.854.293.341.830;1
936;1511;la colina;1;Guayabal;6.778.580.916.575;4.897.223.692.364.960;1
937;1309;san javier no.1;1;San Javier;227.533.177.048.145;233.820.044.583.087;1
938;507;hector abad gomez;1;Castilla;240.129.938.677.105;270.410.420.787.783;1
939;511;castilla;1;Castilla;55.260.173.020.799;297.113.936.524.143;2
940;1117;florida nueva;1;Laureles Estadio;24.911.107.047.545;213.409.185.896.522;1
941;1113;u.d. atanasio girardot;1;Laureles Estadio;363.921.533.611.075;263.708.567.775.624;1
942;1319;el socorro;1;San Javier;182.432.444.133.965;279.480.452.695.841;1
943;310;versalles no.2;1;Manrique;248.042.933.997.145;29.434.960.108.469.600;0
944;1015;bombona no.1;1;La Candelaria;20.728.885.878.848;19.906.622.633.510.800;1
945;Inst_17;centro administrativo;1;La Candelaria;136.990.538.562.935;150.413.808.090.946;1
946;303;campo valdes no.2;1;Manrique;388.808.921.071.395;28.389.929.696.929.800;1
947;1604;granada;1;Belén;18.434.142.397.992;18.739.790.355.272.800;1
948;1615;los alpes;1;Belén;279.886.105.220.285;238.651.996.760.063;1
949;705;barrio facultad de minas;1;Robledo;28.465.523.984.285;750.585.688.167.531;1
950;1208;campo alegre;1;La América;342.591.107.289.925;330.178.801.101.287;1
951;1613;altavista;1;Belén;40.343.581.297.896;4.755.853.217.322.600;1
965;6015;las playas;2;Corregimiento de San Cristóbal;135.430.603.362.755;672.569.209.515.021;1
908;1201;ferrini;1;La América;19.996.783.836.327;201.230.063.878.115;1
909;6008;la ilusion;2;Corregimiento de San Cristóbal;306.959.707.886.253;941.954.707.589.365;3
911;1005;estacion villa;1;La Candelaria;195.053.950.480.695;19.651.884.536.630.600;1
912;503;florencia;1;Castilla;292.989.103.906.575;245.299.183.533.794;1
913;Inst_3;cementerio universal;1;Castilla;94.191.127.116.955;14.861.952.830.881.100;0
914;712;aures no.2;1;Robledo;64.766.764.563.691;441.985.932.502.466;1
915;1302;blanquizal;1;San Javier;12.193.013.958.656;22.396.042.074.805.600;1
916;804;la ladera;1;Villa Hermosa;54.296.203.366.461;4.409.544.806.455.370;0
917;915;asomadera no.2;1;Buenos Aires;657.291.320.583.355;4.250.176.032.185.170;1
918;Inst_9;parque norte;1;Aranjuez;284.606.651.101.235;22.105.485.802.768;1
919;809;sucre;1;Villa Hermosa;340.196.337.112.535;262.367.044.043.928;1
920;6001;la palma;2;Corregimiento de San Cristóbal;714.369.648.373.826;139.145.806.289.281;1
921;8005;el astillero;2;Corregimiento de San Antonio de Prado;143.111.168.682.531;19.797.783.957.446.700;0
922;8002;potrerito;2;Corregimiento de San Antonio de Prado;42.833.517.997.132;134.115.268.447.128;0
923;AE1;area de expansion pajarito;2;Corregimiento de San Cristóbal;236.995.271.495.149;980.701.086.186.273;1
924;AE7;area de expansion san antonio de prado;2;Corregimiento de San Antonio de Prado;867.148.094.503.065;73.221.909.809.157.700;1
925;6014;la loma ;2;Corregimiento de San Cristóbal;657.628.009.980.172;17.180.357.260.203;3
928;7003;el corazon el morro ;2;Corregimiento de Altavista;735.994.107.335.546;166.442.423.210.037;0
929;301;la salle;1;Manrique;367.713.828.942.035;343.729.208.207.682;1
933;6011;el picacho;2;Corregimiento de San Cristóbal;180.406.076.403.118;777.775.303.751.347;0
704;210;santa cruz;1;Santa Cruz;237.218.394.658.615;21.342.959.937.350.800;1
746;201;la isla;1;Santa Cruz;213.093.710.767.695;316.712.121.244.825;1
842;7001;buga patio bonito;2;Corregimiento de Altavista;414.622.904.809.505;829.353.481.891.618;0
873;819;villa lilliam;1;Villa Hermosa;155.173.854.554.405;287.247.234.237.395;1
952;5002;la sucia;2;Corregimiento de San Sebastián de Palmitas;262.257.257.163.864;10.314.587.808.158.100;3
953;5007;la aldea;2;Corregimiento de San Sebastián de Palmitas;19.678.935.107.271;6.192.286.482.367.220;3
954;5006;la frisola;2;Corregimiento de San Sebastián de Palmitas;881.336.700.175.788;192.389.285.818.177;3
955;5005;volcana guayabal;2;Corregimiento de San Sebastián de Palmitas;108.934.280.514.706;214.511.047.753.773;0
956;5001;la suiza ;2;Corregimiento de San Sebastián de Palmitas;131.616.026.938.544;216.874.013.859.619;3
957;6007;san jose de la montana;2;Corregimiento de San Cristóbal;382.932.689.065.533;9.239.167.740.850.390;3
958;6005;naranjal;2;Corregimiento de San Cristóbal;197.179.697.463.222;721.685.530.182.702;2
959;9003;piedras blancas represa;2;Corregimiento de Santa Elena;222.358.679.445.673;34.085.112.012.430.000;0
960;6012;pajarito;2;Corregimiento de San Cristóbal;102.946.812.116.003;708.473.832.646.755;0
961;6003;el uvito;2;Corregimiento de San Cristóbal;174.317.241.156.106;7.387.361.682.106.640;0
962;6016;travesias;2;Corregimiento de San Cristóbal;153.356.171.253.483;635.105.273.148.829;0
963;6013;pedregal alto;2;Corregimiento de San Cristóbal;307.098.078.190.231;979.745.161.606.975;0
964;6002;el patio;2;Corregimiento de San Cristóbal;306.387.479.106.432;105.419.651.899.468;3
966;AE2;area de expansion san cristobal;2;Corregimiento de San Cristóbal;721.793.729.492.545;506.798.995.054.964;3
967;AE3;eduardo santos;2;Corregimiento de San Cristóbal;50.997.863.879.805;18.671.228.662.752.900;0
968;AE5;area de expansion altavista;2;Corregimiento de Altavista;18.781.066.141.098;27.963.452.013.687;0
969;AE6;area de expansion belen rincon;2;Corregimiento de Altavista;33.274.403.974.428;419.666.563.044.331;0
970;AUC1;cabecera urbana san cristobal;2;Corregimiento de San Cristóbal;76.060.598.186.738;687.059.470.441.695;1
971;7007;san jose del manzanillo;2;Corregimiento de Altavista;207.260.758.295.724;11.999.377.270.052;3
972;1510;guayabal;1;Guayabal;747.197.185.348.065;4.132.516.705.708.320;2
973;9006;santa elena sector central;2;Corregimiento de Santa Elena;322.902.422.886.897;9.166.073.910.589.170;3
910;709;cordoba;1;Robledo;23.487.039.173.822;2.699.889.111.945.860;1
926;8004;yarumalito;2;cabecera san antonio de prado;176.709.657.927.324;28.170.981.871.454.500;0
927;9011;mazo;2;Corregimiento de Santa Elena;501.225.062.905.938;11.003.419.492.988.800;3
